ID,TRL_TITL,TRIAL_ID,ENTRYNO,ENTRY,COUNTRY,LOCATION,DESCRIPTION,LONGITUDE,LATITUDE,AEZONE,YEAR,YIELD,BLIGHT,BORER,BORER1,BORER2,BORER3,BORER4,CURV,DY_POLL,DY_SK,E_ASP,E_HARV,E_HT,E_ROT,ELDANA,GR_MAIZE,HELM,HUSK,INST,MUSSIDIA,STREAK,NITR_RAT,P_ASP,P_HARV,PL_HT,RL,RL_RAT,RLPER,RUST,SESAMIA,SL,SL_RAT,SLPER,E_DAM_RAT,COB_DAM_CO,MOIST,ASI,EAR_DAM_RAT,EAR_DAM_CO,LEAF_FEED,COB_DAM_RT,DEAD_HEART,SB_DAM_RAT,BORER_DM_RAT,EASPIN,EHARVIN,EHTIN,FWTIN,FWTUN,HUSKIN,LEAFFEED,LFEED2,PASPIN,PHARVIN,PLHTIN,PLST,PLSTIN,RLIN,SBDAMRAT,SLIN,STEMTUNNEL,YIELDIN1,YIELDIN2,YIELDUN2,DYSKIN,EARDAMIN,EROTIN,MOISTIN
1,Borer Resistance Observation Maize Trial,K9308IB,1,9134-14,NIGERIA,IBADAN,,3.93,7.38,Forest/Transitional,1993,4718.7,,,,,,,2.25,,57.00,4.25,27.00,100.00,2.00,,,,2.50,3.00,,,,3.25,29.50,200.00,3.25,,,,,2.50,,,,,,,,,,,,,,,,,,,,,,,,,,,,,,,,,,,,,
2,Borer Resistance Observation Maize Trial,K9308IB,2,8813-6,NIGERIA,IBADAN,,3.93,7.38,Forest/Transitional,1993,5924.2,,,,,,,2.00,,56.50,2.25,33.00,105.00,2.00,,,,2.25,1.75,,,,2.25,33.50,235.00,2.00,,,,,2.50,,,,,,,,,,,,,,,,,,,,,,,,,,,,,,,,,,,,,
3,Borer Resistance Observation Maize Trial,K9308IB,3,8321-21,NIGERIA,IBADAN,,3.93,7.38,Forest/Transitional,1993,4615.5,,,,,,,2.00,,55.75,4.25,28.50,98.75,3.50,,,,2.25,4.75,,,,3.00,28.50,200.00,4.25,,,,,3.25,,,,,,,,,,,,,,,,,,,,,,,,,,,,,,,,,,,,,
4,Borer Resistance Observation Maize Trial,K9308IB,4,8644-27,NIGERIA,IBADAN,,3.93,7.38,Forest/Transitional,1993,4950.7,,,,,,,2.00,,54.75,3.00,30.25,101.25,3.50,,,,2.50,3.75,,,,2.50,29.50,190.00,2.50,,,,,2.25,,,,,,,,,,,,,,,,,,,,,,,,,,,,,,,,,,,,,
5,Borer Resistance Observation Maize Trial,K9308IB,5,9021-18,NIGERIA,IBADAN,,3.93,7.38,Forest/Transitional,1993,5321.5,,,,,,,2.00,,56.50,3.00,29.75,96.25,2.00,,,,2.75,2.75,,,,2.25,32.00,197.50,2.75,,,,,2.75,,,,,,,,,,,,,,,,,,,,,,,,,,,,,,,,,,,,,
6,Borer Resistance Observation Maize Trial,K9308IB,6,*TZBR ELDANA3 C2,NIGERIA,IBADAN,,3.93,7.38,Forest/Transitional,1993,5625.8,,,,,,,2.00,,55.50,4.25,30.75,125.00,3.50,,,,2.50,3.75,,,,4.00,29.25,216.25,3.00,,,,,2.50,,,,,,,,,,,,,,,,,,,,,,,,,,,,,,,,,,,,,
7,Borer Resistance Observation Maize Trial,K9308IB,7,TZSR W-1,NIGERIA,IBADAN,,3.93,7.38,Forest/Transitional,1993,5292.2,,,,,,,2.00,,58.75,4.25,33.50,108.75,3.50,,,,2.75,3.75,,,,4.25,33.75,212.50,3.25,,,,,3.25,,,,,,,,,,,,,,,,,,,,,,,,,,,,,,,,,,,,,
8,Borer Resistance Observation Maize Trial,K9308IB,8,CHECK 1,NIGERIA,IBADAN,,3.93,7.38,Forest/Transitional,1993,5426.8,,,,,,,2.25,,55.75,3.50,29.50,95.00,2.00,,,,2.25,2.75,,,,2.75,30.00,188.75,3.25,,,,,2.25,,,,,,,,,,,,,,,,,,,,,,,,,,,,,,,,,,,,,
9,Borer Resistance Observation Maize Trial,K9308IB,9,CHECK 2,NIGERIA,IBADAN,,3.93,7.38,Forest/Transitional,1993,5747.7,,,,,,,2.25,,56.50,2.50,34.50,98.75,2.75,,,,2.50,3.00,,,,2.00,34.25,187.50,3.00,,,,,3.50,,,,,,,,,,,,,,,,,,,,,,,,,,,,,,,,,,,,,
10,Borer Resistance Observation Maize Trial,K9308IB2,1,9134-14,NIGERIA,IBADAN,,3.93,7.38,Forest/Transitional,1993,1640.2,,,,,,,,,55.75,3.75,,,2.75,,,,,3.50,,,,,8.50,,,,,,,,,,,,,,,,,,,,,,,,,,,,,,,,,,,,,,,,,,,,
11,Borer Resistance Observation Maize Trial,K9308IB2,2,8813-6,NIGERIA,IBADAN,,3.93,7.38,Forest/Transitional,1993,2006.4,,,,,,,,,55.00,3.50,,,3.25,,,,,2.75,,,,,10.25,,,,,,,,,,,,,,,,,,,,,,,,,,,,,,,,,,,,,,,,,,,,
12,Borer Resistance Observation Maize Trial,K9308IB2,3,8321-21,NIGERIA,IBADAN,,3.93,7.38,Forest/Transitional,1993,1678.0,,,,,,,,,55.50,4.25,,,3.75,,,,,4.00,,,,,7.50,,,,,,,,,,,,,,,,,,,,,,,,,,,,,,,,,,,,,,,,,,,,
13,Borer Resistance Observation Maize Trial,K9308IB2,4,8644-27,NIGERIA,IBADAN,,3.93,7.38,Forest/Transitional,1993,1395.2,,,,,,,,,56.00,5.00,,,4.75,,,,,4.75,,,,,8.00,,,,,,,,,,,,,,,,,,,,,,,,,,,,,,,,,,,,,,,,,,,,
14,Borer Resistance Observation Maize Trial,K9308IB2,5,9021-18,NIGERIA,IBADAN,,3.93,7.38,Forest/Transitional,1993,1718.5,,,,,,,,,55.75,3.75,,,3.75,,,,,3.75,,,,,9.00,,,,,,,,,,,,,,,,,,,,,,,,,,,,,,,,,,,,,,,,,,,,
15,Borer Resistance Observation Maize Trial,K9308IB2,6,*TZBR ELDANA3 C2,NIGERIA,IBADAN,,3.93,7.38,Forest/Transitional,1993,1633.8,,,,,,,,,56.25,4.00,,,3.25,,,,,3.25,,,,,8.75,,,,,,,,,,,,,,,,,,,,,,,,,,,,,,,,,,,,,,,,,,,,
16,Borer Resistance Observation Maize Trial,K9308IB2,7,TZSR W-1,NIGERIA,IBADAN,,3.93,7.38,Forest/Transitional,1993,1515.5,,,,,,,,,55.75,4.25,,,3.25,,,,,4.00,,,,,8.50,,,,,,,,,,,,,,,,,,,,,,,,,,,,,,,,,,,,,,,,,,,,
17,Borer Resistance Observation Maize Trial,K9308IB2,8,CHECK 1,NIGERIA,IBADAN,,3.93,7.38,Forest/Transitional,1993,2047.1,,,,,,,,,52.75,2.75,,,2.75,,,,,2.25,,,,,10.00,,,,,,,,,,,,,,,,,,,,,,,,,,,,,,,,,,,,,,,,,,,,
18,Borer Resistance Observation Maize Trial,K9308IB2,9,CHECK 2,NIGERIA,IBADAN,,3.93,7.38,Forest/Transitional,1993,1734.7,,,,,,,,,56.00,3.75,,,3.50,,,,,3.75,,,,,10.00,,,,,,,,,,,,,,,,,,,,,,,,,,,,,,,,,,,,,,,,,,,,
19,Borer Resistance Observation Maize Trial,K9308IK,1,9134-14,NIGERIA,IKENNE,,3.70,6.87,Forest/Transitional,1993,3984.6,4.00,,,,,,4.75,,54.50,3.50,29.00,107.50,4.25,,,,2.50,,2.75,,,3.25,30.75,207.50,2.25,,,4.50,,2.50,,,,,,,,,,,,,,,,,,,,,,,,,,,,,,,,,,,,,
20,Borer Resistance Observation Maize Trial,K9308IK,2,8813-6,NIGERIA,IKENNE,,3.70,6.87,Forest/Transitional,1993,4664.0,4.75,,,,,,4.50,,54.50,3.00,32.25,112.50,2.50,,,,2.50,,2.25,,,3.00,33.75,230.00,3.00,,,4.00,,2.75,,,,,,,,,,,,,,,,,,,,,,,,,,,,,,,,,,,,,
21,Borer Resistance Observation Maize Trial,K9308IK,3,8321-21,NIGERIA,IKENNE,,3.70,6.87,Forest/Transitional,1993,2915.4,4.50,,,,,,4.25,,53.25,3.25,25.75,102.50,5.75,,,,3.00,,4.00,,,3.25,31.75,200.00,2.00,,,4.25,,2.75,,,,,,,,,,,,,,,,,,,,,,,,,,,,,,,,,,,,,
22,Borer Resistance Observation Maize Trial,K9308IK,4,8644-27,NIGERIA,IKENNE,,3.70,6.87,Forest/Transitional,1993,4247.6,3.50,,,,,,2.75,,53.00,2.75,32.25,95.00,4.50,,,,2.75,,3.50,,,2.75,32.50,196.25,2.75,,,4.75,,2.25,,,,,,,,,,,,,,,,,,,,,,,,,,,,,,,,,,,,,
23,Borer Resistance Observation Maize Trial,K9308IK,5,9021-18,NIGERIA,IKENNE,,3.70,6.87,Forest/Transitional,1993,4718.1,3.75,,,,,,4.75,,53.75,2.75,32.25,98.75,2.75,,,,2.25,,3.00,,,2.00,32.25,198.75,2.50,,,4.75,,2.25,,,,,,,,,,,,,,,,,,,,,,,,,,,,,,,,,,,,,
24,Borer Resistance Observation Maize Trial,K9308IK,6,*TZBR ELDANA3 C2,NIGERIA,IKENNE,,3.70,6.87,Forest/Transitional,1993,4721.0,4.25,,,,,,3.50,,53.00,3.00,33.50,107.50,3.50,,,,2.50,,3.50,,,2.50,34.00,208.75,2.00,,,4.25,,2.00,,,,,,,,,,,,,,,,,,,,,,,,,,,,,,,,,,,,,
25,Borer Resistance Observation Maize Trial,K9308IK,7,TZSR W-1,NIGERIA,IKENNE,,3.70,6.87,Forest/Transitional,1993,4118.8,4.50,,,,,,3.00,,55.75,4.00,28.75,108.75,3.50,,,,3.00,,3.00,,,4.00,30.25,213.75,2.00,,,4.00,,2.00,,,,,,,,,,,,,,,,,,,,,,,,,,,,,,,,,,,,,
26,Borer Resistance Observation Maize Trial,K9308IK,8,CHECK 1,NIGERIA,IKENNE,,3.70,6.87,Forest/Transitional,1993,4420.6,4.25,,,,,,4.75,,52.75,2.75,31.75,105.00,2.25,,,,3.00,,3.75,,,2.00,35.50,205.00,2.25,,,4.50,,3.00,,,,,,,,,,,,,,,,,,,,,,,,,,,,,,,,,,,,,
27,Borer Resistance Observation Maize Trial,K9308IK,9,CHECK 2,NIGERIA,IKENNE,,3.70,6.87,Forest/Transitional,1993,4461.7,4.75,,,,,,3.00,,52.50,2.25,32.75,103.75,4.00,,,,2.25,,3.00,,,2.50,34.25,205.00,2.50,,,4.25,,2.75,,,,,,,,,,,,,,,,,,,,,,,,,,,,,,,,,,,,,
28,International Hybrid Maize Trial (White),K9001IK1,1,8321-18,NIGERIA,IKENNE,LN (75x20),3.70,6.87,Forest/Transitional,1990,4189.1,3.00,2.25,,,,,6.50,,,4.00,,,3.50,,,,3.75,,,,,3.50,36.25,,,3.75,,5.00,,,3.25,,,,,,,,,,,,,,,,,,,,,,,,,,,,,,,,,,,,
29,International Hybrid Maize Trial (White),K9001IK1,2,8321-21,NIGERIA,IKENNE,LN (75x20),3.70,6.87,Forest/Transitional,1990,4035.6,2.75,2.75,,,,,6.25,,,3.50,,,4.75,,,,5.25,,,,,4.00,38.50,,,3.75,,5.50,,,2.25,,,,,,,,,,,,,,,,,,,,,,,,,,,,,,,,,,,,
30,International Hybrid Maize Trial (White),K9001IK1,3,8428-19,NIGERIA,IKENNE,LN (75x20),3.70,6.87,Forest/Transitional,1990,3449.4,3.25,3.25,,,,,6.50,,,6.00,,,6.75,,,,6.75,,,,,4.25,32.75,,,4.75,,6.25,,,3.75,,,,,,,,,,,,,,,,,,,,,,,,,,,,,,,,,,,,
31,International Hybrid Maize Trial (White),K9001IK1,4,8516-12,NIGERIA,IKENNE,LN (75x20),3.70,6.87,Forest/Transitional,1990,3210.6,2.25,2.00,,,,,5.50,,,3.50,,,3.25,,,,3.00,,,,,4.50,25.75,,,4.25,,3.75,,,3.00,,,,,,,,,,,,,,,,,,,,,,,,,,,,,,,,,,,,
32,International Hybrid Maize Trial (White),K9001IK1,5,8505-5,NIGERIA,IKENNE,LN (75x20),3.70,6.87,Forest/Transitional,1990,3741.5,3.00,2.75,,,,,5.25,,,5.00,,,5.75,,,,5.75,,,,,4.75,34.50,,,4.25,,4.25,,,2.75,,,,,,,,,,,,,,,,,,,,,,,,,,,,,,,,,,,,
33,International Hybrid Maize Trial (White),K9001IK1,6,8705-4,NIGERIA,IKENNE,LN (75x20),3.70,6.87,Forest/Transitional,1990,4272.8,3.00,2.50,,,,,6.25,,,4.00,,,3.25,,,,3.75,,,,,4.75,43.75,,,5.75,,5.25,,,4.25,,,,,,,,,,,,,,,,,,,,,,,,,,,,,,,,,,,,
34,International Hybrid Maize Trial (White),K9001IK1,7,8705-6,NIGERIA,IKENNE,LN (75x20),3.70,6.87,Forest/Transitional,1990,3116.8,3.25,4.25,,,,,6.50,,,5.75,,,4.25,,,,5.25,,,,,4.50,37.50,,,5.25,,5.00,,,3.75,,,,,,,,,,,,,,,,,,,,,,,,,,,,,,,,,,,,
35,International Hybrid Maize Trial (White),K9001IK1,8,IKENNE 83 TZSR W-1,NIGERIA,IKENNE,LN (75x20),3.70,6.87,Forest/Transitional,1990,4221.4,2.25,2.00,,,,,4.00,,,4.75,,,4.50,,,,5.00,,,,,5.00,41.25,,,5.75,,4.25,,,4.75,,,,,,,,,,,,,,,,,,,,,,,,,,,,,,,,,,,,
36,International Hybrid Maize Trial (White),K9001IK1,9,LOCAL CHECK 1,NIGERIA,IKENNE,LN (75x20),3.70,6.87,Forest/Transitional,1990,3881.0,2.00,2.50,,,,,4.75,,,5.00,,,5.50,,,,5.50,,,,,4.75,38.25,,,6.25,,3.50,,,5.00,,,,,,,,,,,,,,,,,,,,,,,,,,,,,,,,,,,,
37,International Hybrid Maize Trial (White),K9001IK1,10,LOCAL CHECK 2,NIGERIA,IKENNE,LN (75x20),3.70,6.87,Forest/Transitional,1990,3598.5,2.00,2.25,,,,,3.75,,,5.50,,,6.00,,,,6.00,,,,,4.50,33.00,,,4.50,,3.25,,,3.25,,,,,,,,,,,,,,,,,,,,,,,,,,,,,,,,,,,,
38,International Hybrid Maize Trial (White),K9001IK2,1,8321-18,NIGERIA,IKENNE,LN (75x20),3.70,6.87,Forest/Transitional,1990,3705.2,3.00,2.00,,,,,7.75,,52.50,4.75,,,4.25,,,,3.50,,,,,3.25,38.75,,,5.00,,5.25,,,3.75,,,,,,,,,,,,,,,,,,,,,,,,,,,,,,,,,,,,
39,International Hybrid Maize Trial (White),K9001IK2,2,8321-21,NIGERIA,IKENNE,LN (75x20),3.70,6.87,Forest/Transitional,1990,4244.9,3.75,3.00,,,,,6.25,,51.25,4.50,,,5.00,,,,4.50,,,,,4.00,43.00,,,4.50,,5.00,,,3.75,,,,,,,,,,,,,,,,,,,,,,,,,,,,,,,,,,,,
40,International Hybrid Maize Trial (White),K9001IK2,3,8428-19,NIGERIA,IKENNE,LN (75x20),3.70,6.87,Forest/Transitional,1990,4327.4,3.25,3.75,,,,,6.25,,49.50,5.25,,,6.00,,,,7.00,,,,,3.25,40.00,,,4.00,,6.50,,,2.50,,,,,,,,,,,,,,,,,,,,,,,,,,,,,,,,,,,,
41,International Hybrid Maize Trial (White),K9001IK2,4,8516-12,NIGERIA,IKENNE,LN (75x20),3.70,6.87,Forest/Transitional,1990,5255.3,2.25,2.50,,,,,6.25,,49.50,3.50,,,2.50,,,,3.00,,,,,2.50,39.50,,,3.25,,3.75,,,2.25,,,,,,,,,,,,,,,,,,,,,,,,,,,,,,,,,,,,
42,International Hybrid Maize Trial (White),K9001IK2,5,8505-5,NIGERIA,IKENNE,LN (75x20),3.70,6.87,Forest/Transitional,1990,5145.6,3.75,2.75,,,,,5.50,,51.00,4.25,,,4.50,,,,5.00,,,,,4.00,42.75,,,4.00,,5.00,,,3.50,,,,,,,,,,,,,,,,,,,,,,,,,,,,,,,,,,,,
43,International Hybrid Maize Trial (White),K9001IK2,6,8705-4,NIGERIA,IKENNE,LN (75x20),3.70,6.87,Forest/Transitional,1990,4405.7,2.75,2.00,,,,,5.75,,51.75,3.75,,,4.25,,,,4.00,,,,,3.50,42.00,,,5.00,,4.75,,,3.00,,,,,,,,,,,,,,,,,,,,,,,,,,,,,,,,,,,,
44,International Hybrid Maize Trial (White),K9001IK2,7,8705-6,NIGERIA,IKENNE,LN (75x20),3.70,6.87,Forest/Transitional,1990,4045.8,4.00,3.00,,,,,5.00,,51.25,6.00,,,5.50,,,,6.00,,,,,4.25,44.75,,,5.75,,6.25,,,4.25,,,,,,,,,,,,,,,,,,,,,,,,,,,,,,,,,,,,
45,International Hybrid Maize Trial (White),K9001IK2,8,IKENNE 83 TZSR W-1,NIGERIA,IKENNE,LN (75x20),3.70,6.87,Forest/Transitional,1990,4230.4,3.25,2.25,,,,,3.75,,55.00,5.75,,,4.00,,,,5.25,,,,,5.75,46.25,,,6.50,,3.75,,,4.75,,,,,,,,,,,,,,,,,,,,,,,,,,,,,,,,,,,,
46,International Hybrid Maize Trial (White),K9001IK2,9,LOCAL CHECK 1,NIGERIA,IKENNE,LN (75x20),3.70,6.87,Forest/Transitional,1990,4258.8,2.50,3.00,,,,,4.25,,53.25,6.00,,,5.25,,,,5.50,,,,,5.00,43.25,,,6.50,,4.25,,,4.50,,,,,,,,,,,,,,,,,,,,,,,,,,,,,,,,,,,,
47,International Hybrid Maize Trial (White),K9001IK2,10,LOCAL CHECK 2,NIGERIA,IKENNE,LN (75x20),3.70,6.87,Forest/Transitional,1990,3824.5,3.25,2.50,,,,,4.25,,54.25,5.00,,,5.00,,,,6.00,,,,,5.25,39.75,,,4.50,,3.50,,,3.00,,,,,,,,,,,,,,,,,,,,,,,,,,,,,,,,,,,,
48,International Hybrid Maize Trial (White),K9001IK3,1,8321-18,NIGERIA,IKENNE,LN (75x25),3.70,6.87,Forest/Transitional,1990,4373.6,2.25,2.50,,,,,8.00,,,2.50,,106.25,3.25,,,,2.50,,,,5.25,3.00,33.25,211.25,,3.75,,5.00,,,,,,,,,,,,,,,,,,,,,,,,,,,,,,,,,,,,,,,
49,International Hybrid Maize Trial (White),K9001IK3,2,8321-21,NIGERIA,IKENNE,LN (75x25),3.70,6.87,Forest/Transitional,1990,4231.7,2.50,3.25,,,,,5.75,,,3.25,,98.75,5.25,,,,5.50,,,,4.50,3.25,38.00,193.75,,3.25,,5.00,,,,,,,,,,,,,,,,,,,,,,,,,,,,,,,,,,,,,,,
50,International Hybrid Maize Trial (White),K9001IK3,3,8428-19,NIGERIA,IKENNE,LN (75x25),3.70,6.87,Forest/Transitional,1990,2586.8,3.75,3.25,,,,,7.00,,,7.25,,78.75,7.25,,,,6.25,,,,6.25,6.50,38.50,181.25,,3.75,,8.00,,,,,,,,,,,,,,,,,,,,,,,,,,,,,,,,,,,,,,,
51,International Hybrid Maize Trial (White),K9001IK3,4,8516-12,NIGERIA,IKENNE,LN (75x25),3.70,6.87,Forest/Transitional,1990,5394.1,2.50,2.25,,,,,7.50,,,3.25,,106.25,3.50,,,,2.75,,,,3.75,3.50,37.50,225.00,,2.25,,3.25,,,,,,,,,,,,,,,,,,,,,,,,,,,,,,,,,,,,,,,
52,International Hybrid Maize Trial (White),K9001IK3,5,8505-5,NIGERIA,IKENNE,LN (75x25),3.70,6.87,Forest/Transitional,1990,4946.0,2.25,2.50,,,,,6.25,,,4.25,,116.25,5.00,,,,5.00,,,,4.00,4.75,39.00,186.25,,2.50,,4.25,,,,,,,,,,,,,,,,,,,,,,,,,,,,,,,,,,,,,,,
53,International Hybrid Maize Trial (White),K9001IK3,6,8705-4,NIGERIA,IKENNE,LN (75x25),3.70,6.87,Forest/Transitional,1990,4242.4,2.50,2.25,,,,,6.50,,,2.75,,105.00,3.50,,,,2.50,,,,3.75,2.75,40.25,211.25,,2.25,,4.50,,,,,,,,,,,,,,,,,,,,,,,,,,,,,,,,,,,,,,,
54,International Hybrid Maize Trial (White),K9001IK3,7,8705-6,NIGERIA,IKENNE,LN (75x25),3.70,6.87,Forest/Transitional,1990,4534.1,3.25,2.50,,,,,6.75,,,3.75,,103.75,4.00,,,,4.75,,,,4.50,4.50,36.50,202.50,,2.50,,4.75,,,,,,,,,,,,,,,,,,,,,,,,,,,,,,,,,,,,,,,
55,International Hybrid Maize Trial (White),K9001IK3,8,IKENNE 83 TZSR W-1,NIGERIA,IKENNE,LN (75x25),3.70,6.87,Forest/Transitional,1990,5192.1,2.25,2.75,,,,,5.50,,,4.00,,118.75,5.25,,,,4.75,,,,3.75,3.50,40.25,228.75,,2.50,,3.75,,,,,,,,,,,,,,,,,,,,,,,,,,,,,,,,,,,,,,,
56,International Hybrid Maize Trial (White),K9001IK3,9,LOCAL CHECK 1,NIGERIA,IKENNE,LN (75x25),3.70,6.87,Forest/Transitional,1990,3925.0,2.75,4.50,,,,,5.25,,,5.50,,120.00,5.75,,,,6.25,,,,3.75,5.25,37.25,211.25,,4.25,,4.00,,,,,,,,,,,,,,,,,,,,,,,,,,,,,,,,,,,,,,,
57,International Hybrid Maize Trial (White),K9001IK3,10,LOCAL CHECK 2,NIGERIA,IKENNE,LN (75x25),3.70,6.87,Forest/Transitional,1990,4547.1,2.25,3.00,,,,,4.25,,,3.50,,105.00,5.25,,,,5.25,,,,2.50,3.25,38.50,210.00,,3.25,,3.50,,,,,,,,,,,,,,,,,,,,,,,,,,,,,,,,,,,,,,,
58,International Hybrid Maize Trial (White),K9001IK4,1,8321-18,NIGERIA,IKENNE,HN (75x25),3.70,6.87,Forest/Transitional,1990,4624.5,2.25,2.50,,,,,7.75,,50.25,2.50,,,3.25,,,,4.00,,,,,2.75,35.00,,,5.00,,5.00,,,3.00,,,,,,,,,,,,,,,,,,,,,,,,,,,,,,,,,,,,
59,International Hybrid Maize Trial (White),K9001IK4,2,8321-21,NIGERIA,IKENNE,HN (75x25),3.70,6.87,Forest/Transitional,1990,4016.7,2.25,4.00,,,,,5.75,,51.50,4.00,,,3.75,,,,4.75,,,,,4.25,34.75,,,4.75,,5.25,,,2.75,,,,,,,,,,,,,,,,,,,,,,,,,,,,,,,,,,,,
60,International Hybrid Maize Trial (White),K9001IK4,3,8428-19,NIGERIA,IKENNE,HN (75x25),3.70,6.87,Forest/Transitional,1990,3685.6,2.75,2.75,,,,,5.75,,47.75,5.00,,,7.00,,,,6.50,,,,,4.75,35.00,,,3.00,,7.00,,,2.50,,,,,,,,,,,,,,,,,,,,,,,,,,,,,,,,,,,,
61,International Hybrid Maize Trial (White),K9001IK4,4,8516-12,NIGERIA,IKENNE,HN (75x25),3.70,6.87,Forest/Transitional,1990,4773.5,2.25,2.75,,,,,5.75,,48.75,2.50,,,2.25,,,,3.00,,,,,3.50,35.25,,,3.75,,4.25,,,2.25,,,,,,,,,,,,,,,,,,,,,,,,,,,,,,,,,,,,
62,International Hybrid Maize Trial (White),K9001IK4,5,8505-5,NIGERIA,IKENNE,HN (75x25),3.70,6.87,Forest/Transitional,1990,3577.3,2.25,4.00,,,,,4.50,,52.00,5.25,,,6.00,,,,5.75,,,,,4.75,36.25,,,5.25,,3.50,,,3.50,,,,,,,,,,,,,,,,,,,,,,,,,,,,,,,,,,,,
63,International Hybrid Maize Trial (White),K9001IK4,6,8705-4,NIGERIA,IKENNE,HN (75x25),3.70,6.87,Forest/Transitional,1990,4304.1,2.50,2.25,,,,,5.75,,49.50,3.25,,,3.00,,,,3.75,,,,,3.25,40.00,,,4.25,,4.25,,,3.25,,,,,,,,,,,,,,,,,,,,,,,,,,,,,,,,,,,,
64,International Hybrid Maize Trial (White),K9001IK4,7,8705-6,NIGERIA,IKENNE,HN (75x25),3.70,6.87,Forest/Transitional,1990,4185.6,3.00,4.00,,,,,5.25,,50.50,4.50,,,5.25,,,,5.00,,,,,3.50,37.25,,,4.75,,5.25,,,3.00,,,,,,,,,,,,,,,,,,,,,,,,,,,,,,,,,,,,
65,International Hybrid Maize Trial (White),K9001IK4,8,IKENNE 83 TZSR W-1,NIGERIA,IKENNE,HN (75x25),3.70,6.87,Forest/Transitional,1990,4645.2,2.50,2.50,,,,,4.00,,54.00,4.25,,,5.25,,,,5.00,,,,,5.25,39.00,,,4.75,,3.00,,,3.75,,,,,,,,,,,,,,,,,,,,,,,,,,,,,,,,,,,,
66,International Hybrid Maize Trial (White),K9001IK4,9,LOCAL CHECK 1,NIGERIA,IKENNE,HN (75x25),3.70,6.87,Forest/Transitional,1990,4096.4,2.25,3.25,,,,,4.50,,55.00,5.75,,,5.50,,,,6.50,,,,,4.75,37.75,,,5.75,,3.50,,,4.50,,,,,,,,,,,,,,,,,,,,,,,,,,,,,,,,,,,,
67,International Hybrid Maize Trial (White),K9001IK4,10,LOCAL CHECK 2,NIGERIA,IKENNE,HN (75x25),3.70,6.87,Forest/Transitional,1990,4194.3,2.50,3.00,,,,,4.50,,54.50,4.00,,,5.25,,,,5.50,,,,,5.00,35.75,,,4.00,,3.00,,,2.75,,,,,,,,,,,,,,,,,,,,,,,,,,,,,,,,,,,,
68,International Hybrid Maize Trial (White),K9001IKB,1,8321-18,NIGERIA,IKENNE,B SEASON,3.70,6.87,Forest/Transitional,1990,2982.3,,5.50,,,,,8.00,,56.00,3.75,26.00,202.50,3.50,,,,3.50,,,,,6.50,31.50,98.75,,2.00,,7.75,,,1.25,,,,,,,,,,,,,,,,,,,,,,,,,,,,,,,,,,,,
69,International Hybrid Maize Trial (White),K9001IKB,2,8321-21,NIGERIA,IKENNE,B SEASON,3.70,6.87,Forest/Transitional,1990,2448.9,,5.50,,,,,7.50,,55.50,4.25,19.75,192.50,4.00,,,,3.75,,,,,7.00,27.00,95.00,,1.50,,6.00,,,1.00,,,,,,,,,,,,,,,,,,,,,,,,,,,,,,,,,,,,
70,International Hybrid Maize Trial (White),K9001IKB,3,8428-19,NIGERIA,IKENNE,B SEASON,3.70,6.87,Forest/Transitional,1990,2982.3,,5.25,,,,,7.50,,54.75,3.00,21.75,188.75,3.25,,,,4.00,,,,,5.00,24.00,97.50,,2.25,,6.75,,,1.25,,,,,,,,,,,,,,,,,,,,,,,,,,,,,,,,,,,,
71,International Hybrid Maize Trial (White),K9001IKB,4,8516-12,NIGERIA,IKENNE,B SEASON,3.70,6.87,Forest/Transitional,1990,3055.0,,4.50,,,,,7.25,,56.00,4.00,24.00,223.75,4.00,,,,3.75,,,,,6.50,29.00,108.75,,3.25,,6.75,,,1.00,,,,,,,,,,,,,,,,,,,,,,,,,,,,,,,,,,,,
72,International Hybrid Maize Trial (White),K9001IKB,5,8505-5,NIGERIA,IKENNE,B SEASON,3.70,6.87,Forest/Transitional,1990,2958.0,,6.00,,,,,7.00,,54.75,4.50,26.00,203.75,4.25,,,,4.25,,,,,6.50,34.25,96.25,,2.00,,6.50,,,2.00,,,,,,,,,,,,,,,,,,,,,,,,,,,,,,,,,,,,
73,International Hybrid Maize Trial (White),K9001IKB,6,8705-4,NIGERIA,IKENNE,B SEASON,3.70,6.87,Forest/Transitional,1990,3055.0,,5.75,,,,,7.00,,55.75,3.50,26.25,206.25,4.50,,,,4.25,,,,,5.25,32.25,102.50,,1.25,,6.25,,,2.00,,,,,,,,,,,,,,,,,,,,,,,,,,,,,,,,,,,,
74,International Hybrid Maize Trial (White),K9001IKB,7,8705-6,NIGERIA,IKENNE,B SEASON,3.70,6.87,Forest/Transitional,1990,2691.3,,5.00,,,,,6.75,,57.25,4.75,22.25,190.00,4.75,,,,4.00,,,,,6.25,32.50,100.00,,1.25,,7.25,,,1.25,,,,,,,,,,,,,,,,,,,,,,,,,,,,,,,,,,,,
75,International Hybrid Maize Trial (White),K9001IKB,8,IKENNE 83 TZSR W-1,NIGERIA,IKENNE,B SEASON,3.70,6.87,Forest/Transitional,1990,2376.1,,7.00,,,,,6.25,,57.75,5.00,20.50,213.75,3.25,,,,3.75,,,,,6.25,30.50,111.25,,2.25,,6.25,,,1.00,,,,,,,,,,,,,,,,,,,,,,,,,,,,,,,,,,,,
76,International Hybrid Maize Trial (White),K9001IKB,9,LOCAL CHECK 1,NIGERIA,IKENNE,B SEASON,3.70,6.87,Forest/Transitional,1990,2067.0,,5.08,,,,,6.25,,62.11,7.42,21.59,206.94,5.50,,,,3.61,,,,,6.67,30.83,117.50,,0.67,,5.25,,,0.95,,,,,,,,,,,,,,,,,,,,,,,,,,,,,,,,,,,,
77,International Hybrid Maize Trial (White),K9001IKB,10,LOCAL CHECK 2,NIGERIA,IKENNE,B SEASON,3.70,6.87,Forest/Transitional,1990,2545.9,,4.75,,,,,4.50,,60.25,6.00,25.25,203.75,4.50,,,,3.25,,,,,5.75,33.50,107.50,,1.25,,5.25,,,1.25,,,,,,,,,,,,,,,,,,,,,,,,,,,,,,,,,,,,
78,International Hybrid Maize Trial (Yellow),K9002IKB,1,8329-15,NIGERIA,IKENNE,B SEASON,3.70,6.87,Forest/Transitional,1990,2473.1,,5.75,,,,,6.25,,56.00,3.75,22.50,88.75,3.00,,,,3.75,,,,,7.00,28.50,180.00,,1.25,,6.25,,,1.25,,,,,,,,,,,,,,,,,,,,,,,,,,,,,,,,,,,,
79,International Hybrid Maize Trial (Yellow),K9002IKB,2,8522-2,NIGERIA,IKENNE,B SEASON,3.70,6.87,Forest/Transitional,1990,3443.0,,5.25,,,,,7.00,,57.50,3.25,27.25,113.75,3.50,,,,3.00,,,,,6.75,31.25,220.00,,1.50,,5.25,,,1.25,,,,,,,,,,,,,,,,,,,,,,,,,,,,,,,,,,,,
80,International Hybrid Maize Trial (Yellow),K9002IKB,3,8644-27,NIGERIA,IKENNE,B SEASON,3.70,6.87,Forest/Transitional,1990,2254.9,,6.00,,,,,3.50,,56.75,4.75,22.25,105.00,4.75,,,,3.50,,,,,7.00,30.50,198.75,,1.75,,5.75,,,1.25,,,,,,,,,,,,,,,,,,,,,,,,,,,,,,,,,,,,
81,International Hybrid Maize Trial (Yellow),K9002IKB,4,8644-31,NIGERIA,IKENNE,B SEASON,3.70,6.87,Forest/Transitional,1990,2958.0,,5.50,,,,,3.50,,56.00,4.00,26.25,93.75,4.50,,,,3.75,,,,,6.00,30.25,182.50,,1.50,,5.25,,,1.25,,,,,,,,,,,,,,,,,,,,,,,,,,,,,,,,,,,,
82,International Hybrid Maize Trial (Yellow),K9002IKB,5,8644-32,NIGERIA,IKENNE,B SEASON,3.70,6.87,Forest/Transitional,1990,2667.1,,6.75,,,,,4.00,,55.50,5.00,25.50,107.50,4.50,,,,3.75,,,,,6.50,30.75,206.25,,1.75,,5.75,,,1.25,,,,,,,,,,,,,,,,,,,,,,,,,,,,,,,,,,,,
83,International Hybrid Maize Trial (Yellow),K9002IKB,6,ACR 85 TZSR Y-1,NIGERIA,IKENNE,B SEASON,3.70,6.87,Forest/Transitional,1990,2206.4,,7.25,,,,,5.75,,56.25,6.75,24.50,88.75,6.50,,,,5.75,,,,,7.75,33.00,195.00,,2.25,,7.00,,,1.25,,,,,,,,,,,,,,,,,,,,,,,,,,,,,,,,,,,,
84,International Hybrid Maize Trial (Yellow),K9002IKB,7,LOCAL CHECK 1,NIGERIA,IKENNE,B SEASON,3.70,6.87,Forest/Transitional,1990,1551.8,,7.50,,,,,7.00,,62.25,8.00,21.75,141.25,5.25,,,,3.00,,,,,6.50,30.75,235.00,,2.00,,6.00,,,1.00,,,,,,,,,,,,,,,,,,,,,,,,,,,,,,,,,,,,
85,International Hybrid Maize Trial (Yellow),K9002IKB,8,LOCAL CHECK 2,NIGERIA,IKENNE,B SEASON,3.70,6.87,Forest/Transitional,1990,2376.1,,6.25,,,,,5.00,,59.00,5.75,23.00,101.25,4.25,,,,4.00,,,,,6.75,26.00,202.50,,1.50,,4.75,,,1.25,,,,,,,,,,,,,,,,,,,,,,,,,,,,,,,,,,,,
86,International Mid-Alt Hybrid Maize Trial (White),KM9001IK,1,8535-23,NIGERIA,IKENNE,B SEASON,3.70,6.87,Forest/Transitional,1990,3079.3,,5.25,,,,,3.00,,57.00,3.00,26.25,135.00,2.75,,,,2.50,,,,,6.00,33.75,236.25,,1.50,,3.75,,,1.25,,,,,,,,,,,,,,,,,,,,,,,,,,,,,,,,,,,,
87,International Mid-Alt Hybrid Maize Trial (White),KM9001IK,2,8537-18,NIGERIA,IKENNE,B SEASON,3.70,6.87,Forest/Transitional,1990,2327.6,,7.00,,,,,4.25,,57.50,5.00,25.25,120.00,5.25,,,,4.00,,,,,6.50,28.75,235.00,,2.00,,4.75,,,1.25,,,,,,,,,,,,,,,,,,,,,,,,,,,,,,,,,,,,
88,International Mid-Alt Hybrid Maize Trial (White),KM9001IK,3,8556-6,NIGERIA,IKENNE,B SEASON,3.70,6.87,Forest/Transitional,1990,2618.6,,6.75,,,,,5.25,,58.25,6.25,18.00,117.50,5.00,,,,4.50,,,,,7.50,28.75,237.50,,2.00,,6.50,,,1.50,,,,,,,,,,,,,,,,,,,,,,,,,,,,,,,,,,,,
89,International Mid-Alt Hybrid Maize Trial (White),KM9001IK,4,8754-11,NIGERIA,IKENNE,B SEASON,3.70,6.87,Forest/Transitional,1990,2594.4,,7.25,,,,,7.00,,53.25,6.25,21.25,90.00,6.25,,,,3.25,,,,,6.50,30.00,195.00,,1.00,,7.75,,,1.25,,,,,,,,,,,,,,,,,,,,,,,,,,,,,,,,,,,,
90,International Mid-Alt Hybrid Maize Trial (White),KM9001IK,5,ACR 87 TZMSR W,NIGERIA,IKENNE,B SEASON,3.70,6.87,Forest/Transitional,1990,1697.2,,8.00,,,,,5.25,,58.50,7.25,18.25,123.75,7.50,,,,4.75,,,,,7.00,28.00,231.25,,2.00,,5.75,,,1.00,,,,,,,,,,,,,,,,,,,,,,,,,,,,,,,,,,,,
91,International Mid-Alt Hybrid Maize Trial (White),KM9001IK,6,CHECK 1,NIGERIA,IKENNE,B SEASON,3.70,6.87,Forest/Transitional,1990,2788.3,,6.25,,,,,4.50,,61.75,6.00,25.75,131.25,5.00,,,,3.50,,,,,6.75,32.00,233.75,,1.50,,4.25,,,1.25,,,,,,,,,,,,,,,,,,,,,,,,,,,,,,,,,,,,
92,International Mid-Alt Hybrid Maize Trial (White),KM9001IK,7,CHECK 2,NIGERIA,IKENNE,B SEASON,3.70,6.87,Forest/Transitional,1990,2674.4,,4.75,,,,,4.54,,61.65,5.85,25.29,107.93,5.74,,,,3.75,,,,,5.77,31.27,222.85,,1.25,,5.29,,,1.50,,,,,,,,,,,,,,,,,,,,,,,,,,,,,,,,,,,,
93,Evt-Msr (White),KM9002IK,1,BAB 3 TZMSR W,NIGERIA,IKENNE,B SEASON,3.70,6.87,Forest/Transitional,1990,1430.5,,7.25,,,,,6.50,,56.00,7.00,16.75,205.00,6.25,,,,3.75,,,,,7.25,24.25,118.75,,1.75,,7.75,,,1.25,,,,,,,,,,,,,,,,,,,,,,,,,,,,,,,,,,,,
94,Evt-Msr (White),KM9002IK,2,ACR 87 TZMSR W,NIGERIA,IKENNE,B SEASON,3.70,6.87,Forest/Transitional,1990,1939.7,,6.00,,,,,5.75,,58.25,6.25,17.75,225.00,6.75,,,,4.50,,,,,8.00,26.25,117.50,,2.00,,7.25,,,1.25,,,,,,,,,,,,,,,,,,,,,,,,,,,,,,,,,,,,
95,Evt-Msr (White),KM9002IK,3,SYN A X B,NIGERIA,IKENNE,B SEASON,3.70,6.87,Forest/Transitional,1990,2521.6,,5.75,,,,,4.75,,56.50,4.50,23.25,208.75,4.50,,,,5.00,,,,,6.75,28.75,112.50,,1.50,,7.00,,,1.00,,,,,,,,,,,,,,,,,,,,,,,,,,,,,,,,,,,,
96,Evt-Msr (White),KM9002IK,4,8535-23,NIGERIA,IKENNE,B SEASON,3.70,6.87,Forest/Transitional,1990,3927.9,,5.00,,,,,2.25,,58.00,3.50,29.50,212.50,2.75,,,,3.00,,,,,6.50,32.50,118.75,,3.75,,3.75,,,2.75,,,,,,,,,,,,,,,,,,,,,,,,,,,,,,,,,,,,
97,Evt-Msr (White),KM9002IK,5,CHECK 1,NIGERIA,IKENNE,B SEASON,3.70,6.87,Forest/Transitional,1990,1988.2,,5.25,,,,,7.00,,62.25,5.75,22.50,252.50,4.50,,,,3.75,,,,,6.25,24.50,143.75,,2.00,,5.25,,,1.25,,,,,,,,,,,,,,,,,,,,,,,,,,,,,,,,,,,,
98,Evt-Msr (White),KM9002IK,6,CHECK 2,NIGERIA,IKENNE,B SEASON,3.70,6.87,Forest/Transitional,1990,2958.0,,5.75,,,,,4.75,,59.50,4.50,20.75,223.75,3.75,,,,3.00,,,,,5.50,22.50,115.00,,1.75,,5.50,,,1.25,,,,,,,,,,,,,,,,,,,,,,,,,,,,,,,,,,,,
99,International Hybrid Maize Trial,K9201IB,1,8428-19,NIGERIA,IBADAN,0KG/HA,3.93,7.38,Forest/Transitional,1992,1561.6,2.00,1.50,,,,,2.00,,50.75,5.00,18.00,87.50,4.25,,6.50,,3.00,,6.25,,4.75,,20.75,178.75,3.50,,,2.00,,4.50,,,,,,,,,,,,,,,,,,,,,,,,,,,,,,,,,,,,,
100,International Hybrid Maize Trial,K9201IB,2,8516-12,NIGERIA,IBADAN,0KG/HA,3.93,7.38,Forest/Transitional,1992,1391.0,2.00,2.00,,,,,2.00,,60.75,4.25,18.50,78.75,3.25,,6.50,,2.75,,4.75,,6.00,,21.25,186.25,2.50,,,2.00,,3.25,,,,,,,,,,,,,,,,,,,,,,,,,,,,,,,,,,,,,
101,International Hybrid Maize Trial,K9201IB,3,8605-14,NIGERIA,IBADAN,0KG/HA,3.93,7.38,Forest/Transitional,1992,1786.5,2.00,2.00,,,,,2.00,,55.75,4.25,20.00,71.25,4.75,,5.50,,2.75,,4.75,,5.00,,22.50,178.75,3.50,,,2.00,,4.00,,,,,,,,,,,,,,,,,,,,,,,,,,,,,,,,,,,,,
102,International Hybrid Maize Trial,K9201IB,4,8705-4,NIGERIA,IBADAN,0KG/HA,3.93,7.38,Forest/Transitional,1992,2113.7,2.00,3.50,,,,,2.00,,52.25,3.75,21.25,80.00,3.75,,5.25,,2.25,,4.50,,4.50,,24.00,173.75,3.00,,,2.00,,3.75,,,,,,,,,,,,,,,,,,,,,,,,,,,,,,,,,,,,,
103,International Hybrid Maize Trial,K9201IB,5,8705-6,NIGERIA,IBADAN,0KG/HA,3.93,7.38,Forest/Transitional,1992,1574.0,2.00,6.00,,,,,2.00,,58.75,4.50,17.50,77.50,3.25,,5.75,,2.25,,5.25,,5.25,,20.25,172.50,3.50,,,2.00,,4.50,,,,,,,,,,,,,,,,,,,,,,,,,,,,,,,,,,,,,
104,International Hybrid Maize Trial,K9201IB,6,8766-12,NIGERIA,IBADAN,0KG/HA,3.93,7.38,Forest/Transitional,1992,1697.2,2.00,1.50,,,,,2.00,,55.50,5.25,23.50,72.50,5.25,,6.25,,2.25,,6.25,,5.25,,25.50,158.75,3.25,,,2.00,,3.75,,,,,,,,,,,,,,,,,,,,,,,,,,,,,,,,,,,,,
105,International Hybrid Maize Trial,K9201IB,7,8505-5,NIGERIA,IBADAN,0KG/HA,3.93,7.38,Forest/Transitional,1992,1640.0,2.00,2.00,,,,,2.00,,53.25,4.25,19.50,83.75,5.00,,5.25,,2.50,,6.00,,5.00,,23.00,176.25,4.25,,,2.00,,4.00,,,,,,,,,,,,,,,,,,,,,,,,,,,,,,,,,,,,,
106,International Hybrid Maize Trial,K9201IB,8,8805-6,NIGERIA,IBADAN,0KG/HA,3.93,7.38,Forest/Transitional,1992,1259.4,2.00,2.00,,,,,2.00,,52.75,4.75,16.00,82.50,5.25,,5.25,,2.75,,4.75,,4.75,,19.00,176.25,3.50,,,2.00,,4.75,,,,,,,,,,,,,,,,,,,,,,,,,,,,,,,,,,,,,
107,International Hybrid Maize Trial,K9201IB,9,9021-18,NIGERIA,IBADAN,0KG/HA,3.93,7.38,Forest/Transitional,1992,1520.2,2.00,3.50,,,,,2.25,,58.75,4.75,19.25,76.25,4.25,,5.50,,2.25,,6.75,,4.75,,22.00,170.00,3.25,,,2.00,,3.75,,,,,,,,,,,,,,,,,,,,,,,,,,,,,,,,,,,,,
108,International Hybrid Maize Trial,K9201IB,10,IKENNE 83 TZSR W-1,NIGERIA,IBADAN,0KG/HA,3.93,7.38,Forest/Transitional,1992,1372.4,2.00,1.50,,,,,2.00,,61.25,5.25,19.75,81.25,3.75,,6.50,,2.00,,5.00,,5.50,,22.75,178.75,3.75,,,2.00,,4.50,,,,,,,,,,,,,,,,,,,,,,,,,,,,,,,,,,,,,
109,International Hybrid Maize Trial,K9201IB,11,CHECK 1,NIGERIA,IBADAN,0KG/HA,3.93,7.38,Forest/Transitional,1992,1319.9,2.00,1.00,,,,,2.00,,59.00,5.00,19.25,95.00,3.75,,5.75,,2.25,,5.00,,5.25,,21.75,191.25,3.75,,,2.00,,3.75,,,,,,,,,,,,,,,,,,,,,,,,,,,,,,,,,,,,,
110,International Hybrid Maize Trial,K9201IB,12,CHECK 2,NIGERIA,IBADAN,0KG/HA,3.93,7.38,Forest/Transitional,1992,1143.7,2.00,1.50,,,,,2.00,,57.25,5.50,16.50,91.25,3.75,,6.50,,2.25,,5.25,,6.00,,19.00,192.50,3.50,,,2.00,,4.75,,,,,,,,,,,,,,,,,,,,,,,,,,,,,,,,,,,,,
111,International Hybrid Maize Trial (Yellow),K9202IB3,1,8522-2,NIGERIA,IBADAN,180KG/HA,3.93,7.38,Forest/Transitional,1992,3354.5,2.00,2.25,,,,,2.00,,60.00,4.15,,85.00,1.75,,3.00,,3.25,,2.50,23.45,3.25,,,187.50,2.25,,,,,2.00,,,,,,,,,,,,,,,,,,,,,,,,,,,,,,,,,,,,,
112,International Hybrid Maize Trial (Yellow),K9202IB3,2,8644-27,NIGERIA,IBADAN,180KG/HA,3.93,7.38,Forest/Transitional,1992,3075.0,2.00,2.00,,,,,2.00,,59.25,3.45,,76.25,2.50,,2.75,,3.75,,3.00,24.10,2.00,,,171.25,2.75,,,,,2.50,,,,,,,,,,,,,,,,,,,,,,,,,,,,,,,,,,,,,
113,International Hybrid Maize Trial (Yellow),K9202IB3,3,8644-31,NIGERIA,IBADAN,180KG/HA,3.93,7.38,Forest/Transitional,1992,4989.0,2.00,2.00,,,,,2.00,,59.00,2.45,,72.50,3.75,,3.25,,3.50,,3.00,22.63,2.50,,,152.50,2.50,,,,,4.00,,,,,,,,,,,,,,,,,,,,,,,,,,,,,,,,,,,,,
114,International Hybrid Maize Trial (Yellow),K9202IB3,4,8644-32,NIGERIA,IBADAN,180KG/HA,3.93,7.38,Forest/Transitional,1992,4703.8,2.00,2.00,,,,,2.00,,58.00,3.30,,77.50,3.00,,3.00,,3.75,,3.00,22.40,2.50,,,166.25,2.50,,,,,3.75,,,,,,,,,,,,,,,,,,,,,,,,,,,,,,,,,,,,,
115,International Hybrid Maize Trial (Yellow),K9202IB3,5,8425-8,NIGERIA,IBADAN,180KG/HA,3.93,7.38,Forest/Transitional,1992,4989.0,3.50,2.00,,,,,2.00,,57.25,3.10,,91.25,3.50,,4.25,,4.00,,2.75,21.28,3.00,,,178.75,2.75,,,,,3.75,,,,,,,,,,,,,,,,,,,,,,,,,,,,,,,,,,,,,
116,International Hybrid Maize Trial (Yellow),K9202IB3,6,ACR 85 TZSR Y-1,NIGERIA,IBADAN,180KG/HA,3.93,7.38,Forest/Transitional,1992,4410.0,2.25,2.25,,,,,2.75,,59.50,4.15,,86.25,3.25,,3.25,,3.50,,3.00,23.80,2.50,,,197.50,2.25,,,,,3.00,,,,,,,,,,,,,,,,,,,,,,,,,,,,,,,,,,,,,
117,International Hybrid Maize Trial (Yellow),K9202IB3,7,CHECK 1,NIGERIA,IBADAN,180KG/HA,3.93,7.38,Forest/Transitional,1992,5976.0,3.00,2.00,,,,,2.50,,52.00,4.45,,60.00,4.50,,4.50,,4.75,,4.00,38.43,4.00,,,136.25,5.25,,,,,4.75,,,,,,,,,,,,,,,,,,,,,,,,,,,,,,,,,,,,,
118,International Hybrid Maize Trial (Yellow),K9202IB3,8,CHECK 2,NIGERIA,IBADAN,180KG/HA,3.93,7.38,Forest/Transitional,1992,5676.5,7.50,2.00,,,,,3.00,,48.25,4.18,,55.00,5.00,,5.75,,4.75,,3.75,38.90,5.75,,,131.25,5.50,,,,,5.00,,,,,,,,,,,,,,,,,,,,,,,,,,,,,,,,,,,,,
119,International Mid-Alt Hybrid Maize Trial,KM9204RB,6,8532-23,NIGERIA,RUBONA,,30.10,0.33,Mid-Altitude,1992,5701.1,2.50,2.75,,,,,,,84.75,2.00,39.00,152.50,,,,,,,,0.68,,,37.25,283.75,0.25,,0.71,3.75,,0.75,,2.07,,,,,,,,,,,,,,,,,,,,,,,,,,,,,,,,,,,
120,Late/Int. Stem Borer Variety Trial,M9913EGM,1,TZBR ELDANA1 C7 F2,NIGERIA,EGBEMA,,7.43,5.52,Forest/Transitional,1999,2081.1,,,,,,,,67.00,67.00,,29.00,52.00,,,,,2.90,,,,,2.60,36.00,136.00,12.00,,,2.50,,5.00,,,4.00,16.00,,,,,,,,,,,,,,,,,,,,,,,,,,,,,,,,,
121,Late/Int. Stem Borer Variety Trial,M9913EGM,2,TZBR ELDANA3 C2,NIGERIA,EGBEMA,,7.43,5.52,Forest/Transitional,1999,2573.0,,,,,,,,68.00,68.00,,28.00,63.00,,,,,3.00,,,,,2.40,36.00,151.00,11.00,,,2.30,,4.00,,,3.00,15.00,,,,,,,,,,,,,,,,,,,,,,,,,,,,,,,,,
122,Late/Int. Stem Borer Variety Trial,M9913EGM,3,TZBR SES1 C3 F2,NIGERIA,EGBEMA,,7.43,5.52,Forest/Transitional,1999,1577.2,,,,,,,,68.00,68.00,,25.00,58.00,,,,,3.00,,,,,2.80,35.00,133.00,15.00,,,2.80,,7.00,,,4.00,13.00,,,,,,,,,,,,,,,,,,,,,,,,,,,,,,,,,
123,Late/Int. Stem Borer Variety Trial,M9913EGM,4,TZBR SES3 C3 F2,NIGERIA,EGBEMA,,7.43,5.52,Forest/Transitional,1999,620.6,,,,,,,,70.00,70.00,,10.00,55.00,,,,,2.60,,,,,3.40,20.00,130.00,8.00,,,2.90,,4.00,,,4.00,7.00,,,,,,,,,,,,,,,,,,,,,,,,,,,,,,,,,
124,Late/Int. Stem Borer Variety Trial,M9913EGM,5,TZBR SYN W C1,NIGERIA,EGBEMA,,7.43,5.52,Forest/Transitional,1999,1880.0,,,,,,,,68.00,69.00,,27.00,57.00,,,,,2.90,,,,,2.80,36.00,143.00,15.00,,,2.50,,6.00,,,4.00,14.00,,,,,,,,,,,,,,,,,,,,,,,,,,,,,,,,,
125,Late/Int. Stem Borer Variety Trial,M9913EGM,6,TZBR SYN W C1,NIGERIA,EGBEMA,,7.43,5.52,Forest/Transitional,1999,1987.8,,,,,,,,68.00,69.00,,25.00,55.00,,,,,2.90,,,,,2.80,36.00,134.00,13.00,,,2.50,,5.00,,,4.00,17.00,,,,,,,,,,,,,,,,,,,,,,,,,,,,,,,,,
126,Late/Int. Stem Borer Variety Trial,M9913EGM,7,AMA TZBR W,NIGERIA,EGBEMA,,7.43,5.52,Forest/Transitional,1999,1603.0,,,,,,,,69.00,69.00,,21.00,48.00,,,,,2.80,,,,,2.80,27.00,129.00,10.00,,,2.30,,3.00,,,3.00,10.00,,,,,,,,,,,,,,,,,,,,,,,,,,,,,,,,,
127,Late/Int. Stem Borer Variety Trial,M9913EGM,8,ICZ5 BC2A,NIGERIA,EGBEMA,,7.43,5.52,Forest/Transitional,1999,1253.8,,,,,,,,66.00,67.00,,21.00,51.00,,,,,2.90,,,,,3.30,31.00,124.00,15.00,,,3.00,,7.00,,,5.00,16.00,,,,,,,,,,,,,,,,,,,,,,,,,,,,,,,,,
128,Late/Int. Stem Borer Variety Trial,M9913EGM,9,CHECK 1,NIGERIA,EGBEMA,,7.43,5.52,Forest/Transitional,1999,1502.7,,,,,,,,69.00,70.00,,20.00,66.00,,,,,2.80,,,,,2.90,31.00,149.00,4.00,,,2.00,,4.00,,,3.00,9.00,,,,,,,,,,,,,,,,,,,,,,,,,,,,,,,,,
129,Late/Int. Stem Borer Variety Trial,M9913EGM,10,CHECK 2,NIGERIA,EGBEMA,,7.43,5.52,Forest/Transitional,1999,2127.3,,,,,,,,67.00,68.00,,25.00,56.00,,,,,2.60,,,,,2.60,34.00,144.00,12.00,,,2.40,,4.00,,,3.00,12.00,,,,,,,,,,,,,,,,,,,,,,,,,,,,,,,,,
130,Late/Int. Stem Borer Variety Trial,M9913IKM,1,TZBR ELDANA1 C7 F2,NIGERIA,IKENNE,,3.70,6.87,Forest/Transitional,1999,4304.8,2.40,,,,,,2.30,,55.00,3.40,39.00,116.00,2.50,,,,3.30,,,,,2.50,41.00,213.00,0.30,,,2.50,,1.00,,,,,,,,,,,,,,,,,,,,,,,,,,,,,,,,,,,,,
131,Late/Int. Stem Borer Variety Trial,M9913IKM,2,TZBR ELDANA3 C2,NIGERIA,IKENNE,,3.70,6.87,Forest/Transitional,1999,6266.6,1.90,,,,,,2.00,,57.00,2.60,40.00,118.00,2.80,,,,3.50,,,,,1.30,42.00,221.00,,,,2.00,,0.30,,,,,,,,,,,,,,,,,,,,,,,,,,,,,,,,,,,,,
132,Late/Int. Stem Borer Variety Trial,M9913IKM,3,TZBR SES1 C3 F2,NIGERIA,IKENNE,,3.70,6.87,Forest/Transitional,1999,3986.2,2.90,,,,,,2.80,,55.00,3.30,38.00,118.00,2.80,,,,3.00,,,,,2.50,43.00,216.00,0.80,,,2.90,,2.80,,,,,,,,,,,,,,,,,,,,,,,,,,,,,,,,,,,,,
133,Late/Int. Stem Borer Variety Trial,M9913IKM,4,TZBR SES3 C3 F2,NIGERIA,IKENNE,,3.70,6.87,Forest/Transitional,1999,3402.3,3.30,,,,,,2.90,,55.00,3.50,39.00,104.00,3.10,,,,2.60,,,,,2.60,43.00,199.00,0.30,,,3.10,,1.80,,,,,,,,,,,,,,,,,,,,,,,,,,,,,,,,,,,,,
134,Late/Int. Stem Borer Variety Trial,M9913IKM,5,TZBR SYN W C1,NIGERIA,IKENNE,,3.70,6.87,Forest/Transitional,1999,4950.3,2.50,,,,,,2.10,,56.00,3.30,42.00,104.00,3.10,,,,2.90,,,,,2.10,42.00,219.00,0.30,,,2.40,,0.30,,,,,,,,,,,,,,,,,,,,,,,,,,,,,,,,,,,,,
135,Late/Int. Stem Borer Variety Trial,M9913IKM,6,TZBR SYN W C1,NIGERIA,IKENNE,,3.70,6.87,Forest/Transitional,1999,4561.9,2.10,,,,,,2.40,,55.00,2.90,38.00,103.00,2.50,,,,2.40,,,,,2.10,41.00,214.00,,,,2.30,,1.30,,,,,,,,,,,,,,,,,,,,,,,,,,,,,,,,,,,,,
136,Late/Int. Stem Borer Variety Trial,M9913IKM,7,AMA TZBR W,NIGERIA,IKENNE,,3.70,6.87,Forest/Transitional,1999,5753.6,2.00,,,,,,2.40,,55.00,2.80,42.00,117.00,2.80,,,,2.90,,,,,1.80,42.00,221.00,,,,2.10,,0.50,,,,,,,,,,,,,,,,,,,,,,,,,,,,,,,,,,,,,
137,Late/Int. Stem Borer Variety Trial,M9913IKM,8,ICZ5 BC2A,NIGERIA,IKENNE,,3.70,6.87,Forest/Transitional,1999,3024.5,3.10,,,,,,3.00,,54.00,3.60,35.00,104.00,3.40,,,,3.30,,,,,2.60,41.00,200.00,,,,3.00,,1.30,,,,,,,,,,,,,,,,,,,,,,,,,,,,,,,,,,,,,
138,Late/Int. Stem Borer Variety Trial,M9913IKM,9,CHECK 1,NIGERIA,IKENNE,,3.70,6.87,Forest/Transitional,1999,4700.4,2.30,,,,,,2.30,,57.00,3.30,38.00,112.00,3.10,,,,2.60,,,,,2.40,39.00,215.00,0.30,,,2.30,,1.00,,,,,,,,,,,,,,,,,,,,,,,,,,,,,,,,,,,,,
139,Late/Int. Stem Borer Variety Trial,M9913IKM,10,CHECK 2,NIGERIA,IKENNE,,3.70,6.87,Forest/Transitional,1999,5612.9,2.00,,,,,,2.30,,56.00,2.40,39.00,111.00,2.40,,,,2.60,,,,,1.90,39.00,196.00,0.50,,,2.10,,0.30,,,,,,,,,,,,,,,,,,,,,,,,,,,,,,,,,,,,,
140,Late/Int. Stem Borer Variety Trial,M9913IBM,1,TZBR ELDANA1 C7 F2,NIGERIA,IBADAN,,3.93,7.38,Forest/Transitional,1999,5432.1,,,,,,,,,55.00,3.00,24.00,104.00,3.00,,,,,,,,,4.00,22.00,207.00,3.00,2.00,,,,2.00,2.00,,3.00,10.00,,,,,,,,,,,,,,,,,,,,,,,,,,,,,,,,,
141,Late/Int. Stem Borer Variety Trial,M9913IBM,2,TZBR ELDANA3 C2,NIGERIA,IBADAN,,3.93,7.38,Forest/Transitional,1999,5784.4,,,,,,,,,58.00,3.00,24.00,119.00,3.00,,,,,,,,,3.00,27.00,225.00,2.00,1.00,,,,3.00,1.00,,3.00,8.00,,,,,,,,,,,,,,,,,,,,,,,,,,,,,,,,,
142,Late/Int. Stem Borer Variety Trial,M9913IBM,3,TZBR SES1 C3 F2,NIGERIA,IBADAN,,3.93,7.38,Forest/Transitional,1999,4448.0,,,,,,,,,56.00,4.00,21.00,112.00,4.00,,,,,,,,,4.00,25.00,206.00,4.00,3.00,,,,4.00,3.00,,4.00,10.00,,,,,,,,,,,,,,,,,,,,,,,,,,,,,,,,,
143,Late/Int. Stem Borer Variety Trial,M9913IBM,4,TZBR SES3 C3 F2,NIGERIA,IBADAN,,3.93,7.38,Forest/Transitional,1999,3769.3,,,,,,,,,56.00,4.00,20.00,108.00,4.00,,,,,,,,,4.00,21.00,200.00,6.00,1.00,,,,2.00,2.00,,4.00,11.00,,,,,,,,,,,,,,,,,,,,,,,,,,,,,,,,,
144,Late/Int. Stem Borer Variety Trial,M9913IBM,5,TZBR SYN W C1,NIGERIA,IBADAN,,3.93,7.38,Forest/Transitional,1999,4738.6,,,,,,,,,56.00,4.00,24.00,122.00,3.00,,,,,,,,,4.00,25.00,222.00,4.00,2.00,,,,2.00,2.00,,3.00,7.00,,,,,,,,,,,,,,,,,,,,,,,,,,,,,,,,,
145,Late/Int. Stem Borer Variety Trial,M9913IBM,6,TZBR SYN W C1,NIGERIA,IBADAN,,3.93,7.38,Forest/Transitional,1999,4652.5,,,,,,,,,56.00,4.00,19.00,106.00,3.00,,,,,,,,,3.00,23.00,209.00,3.00,1.00,,,,2.00,2.00,,3.00,9.00,,,,,,,,,,,,,,,,,,,,,,,,,,,,,,,,,
146,Late/Int. Stem Borer Variety Trial,M9913IBM,7,AMA TZBR W,NIGERIA,IBADAN,,3.93,7.38,Forest/Transitional,1999,5249.4,,,,,,,,,57.00,3.00,20.00,111.00,3.00,,,,,,,,,3.00,20.00,211.00,2.00,2.00,,,,2.00,2.00,,3.00,9.00,,,,,,,,,,,,,,,,,,,,,,,,,,,,,,,,,
147,Late/Int. Stem Borer Variety Trial,M9913IBM,8,ICZ5 BC2A,NIGERIA,IBADAN,,3.93,7.38,Forest/Transitional,1999,3628.9,,,,,,,,,56.00,4.00,18.00,102.00,3.00,,,,,,,,,3.00,19.00,201.00,2.00,2.00,,,,2.00,2.00,,4.00,8.00,,,,,,,,,,,,,,,,,,,,,,,,,,,,,,,,,
148,Late/Int. Stem Borer Variety Trial,M9913IBM,9,CHECK 1,NIGERIA,IBADAN,,3.93,7.38,Forest/Transitional,1999,5614.6,,,,,,,,,59.00,4.00,24.00,117.00,3.00,,,,,,,,,3.00,23.00,221.00,3.00,2.00,,,,2.00,1.00,,3.00,7.00,,,,,,,,,,,,,,,,,,,,,,,,,,,,,,,,,
149,Late/Int. Stem Borer Variety Trial,M9913IBM,10,CHECK 2,NIGERIA,IBADAN,,3.93,7.38,Forest/Transitional,1999,5904.6,,,,,,,,,58.00,3.00,25.00,102.00,3.00,,,,,,,,,3.00,23.00,211.00,2.00,2.00,,,,2.00,1.00,,3.00,7.00,,,,,,,,,,,,,,,,,,,,,,,,,,,,,,,,,
150,Late/Int. Stem Borer Variety Trial,M215OBKM,1,TZBR ELD1 C7,NIGERIA,OBIRIKOM,,6.55,4.93,,2000,2515.1,,,,,,,,62,62,3.8,24,67,,,,,4.0,,,,,4.5,33,155,2.0,,,,,3.5,,,,,32.4,0.3,3.5,16.8,2.0,,1.0,,3.3,,,,,,,,,,,,37,,,,,,,,,,,,
151,Late/Int. Stem Borer Variety Trial,M215OBKM,2,TZBR ELD3-C2,NIGERIA,OBIRIKOM,,6.55,4.93,,2000,2843.0,,,,,,,,66,67,3.5,29,87,,,,,5.0,,,,,3.8,34,173,2.3,,,,,2.8,,,,,44.7,1.3,3.0,14.5,2.0,,0.8,,2.8,,,,,,,,,,,,39,,,,,,,,,,,,
152,Late/Int. Stem Borer Variety Trial,M215OBKM,3,TZBR Syn-W C1,NIGERIA,OBIRIKOM,,6.55,4.93,,2000,2372.5,,,,,,,,64,64,3.8,28,80,,,,,4.3,,,,,4.0,37,171,1.3,,,,,3.8,,,,,36.1,0.3,3.8,19.5,2.0,,3.0,,3.8,,,,,,,,,,,,40,,,,,,,,,,,,
153,Late/Int. Stem Borer Variety Trial,M215OBKM,4,TZBR Syn-Y C1,NIGERIA,OBIRIKOM,,6.55,4.93,,2000,2662.9,,,,,,,,63,64,3.8,25,85,,,,,5.3,,,,,4.3,35,169,2.8,,,,,4.8,,,,,35.2,0.8,3.5,17.5,3.0,,2.0,,3.3,,,,,,,,,,,,39,,,,,,,,,,,,
154,Late/Int. Stem Borer Variety Trial,M215OBKM,5,AMA TZBR-W C1,NIGERIA,OBIRIKOM,,6.55,4.93,,2000,2861.7,,,,,,,,64,65,3.5,29,72,,,,,3.5,,,,,3.8,37,161,0.8,,,,,5.0,,,,,37.2,0.8,3.3,17.8,2.0,,2.5,,3.3,,,,,,,,,,,,39,,,,,,,,,,,,
155,Late/Int. Stem Borer Variety Trial,M215OBKM,6,ICZ5 BC2A (9450),NIGERIA,OBIRIKOM,,6.55,4.93,,2000,2288.5,,,,,,,,60,60,5.0,25,70,,,,,4.5,,,,,5.0,33,158,0.8,,,,,6.3,,,,,31.0,0.3,4.0,21.5,2.0,,4.0,,4.0,,,,,,,,,,,,38,,,,,,,,,,,,
156,Late/Int. Stem Borer Variety Trial,M215OBKM,7,ICZ5 BC2B (KU1414SR/SR),NIGERIA,OBIRIKOM,,6.55,4.93,,2000,2089.2,,,,,,,,60,60,4.5,24,75,,,,,4.5,,,,,5.3,37,164,0.8,,,,,6.8,,,,,31.9,0.3,3.8,18.3,2.0,,2.8,,4.5,,,,,,,,,,,,40,,,,,,,,,,,,
157,Late/Int. Stem Borer Variety Trial,M215OBKM,8,TZBR Ses 1 C3-W,NIGERIA,OBIRIKOM,,6.55,4.93,,2000,2739.4,,,,,,,,62,63,4.0,28,87,,,,,4.8,,,,,4.0,37,167,1.0,,,,,5.5,,,,,35.0,0.3,3.5,17.5,2.0,,1.0,,3.0,,,,,,,,,,,,40,,,,,,,,,,,,
158,Late/Int. Stem Borer Variety Trial,M215OBKM,9,TZBR Ses 1 C3-Y,NIGERIA,OBIRIKOM,,6.55,4.93,,2000,2505.1,,,,,,,,64,65,3.5,26,77,,,,,4.5,,,,,3.8,34,154,1.5,,,,,6.5,,,,,33.5,1.0,2.8,14.5,2.0,,4.3,,3.8,,,,,,,,,,,,40,,,,,,,,,,,,
159,Late/Int. Stem Borer Variety Trial,M215OBKM,10,TZBR Ses 3 C3-Y,NIGERIA,OBIRIKOM,,6.55,4.93,,2000,1902.2,,,,,,,,61,62,4.8,22,78,,,,,5.8,,,,,5.0,35,155,4.5,,,,,5.5,,,,,34.1,0.3,4.3,17.3,1.8,,1.8,,3.8,,,,,,,,,,,,38,,,,,,,,,,,,
160,Late/Int. Stem Borer Variety Trial,M215OBKM,11,TZBR Ses 3 C3-W,NIGERIA,OBIRIKOM,,6.55,4.93,,2000,1422.1,,,,,,,,64,65,5.5,19,73,,,,,5.3,,,,,5.0,34,154,2.0,,,,,6.5,,,,,34.2,1.0,3.8,15.8,2.3,,2.0,,4.0,,,,,,,,,,,,39,,,,,,,,,,,,
161,Late/Int. Stem Borer Variety Trial,M215OBKM,12,CHECK,NIGERIA,OBIRIKOM,,6.55,4.93,,2000,2437.4,,,,,,,,63,63,3.8,23,69,,,,,5.0,,,,,4.3,35,157,1.3,,,,,5.0,,,,,32.5,0.5,3.5,16.5,2.3,,1.5,,3.5,,,,,,,,,,,,39,,,,,,,,,,,,
162,Late/Int. Stem Borer Variety Trial,M2015IKM,1,TZBR ELD1 C7,NIGERIA,IKENNE,,3.70,6.87,,2000,4476.8,,,,,,,2.5,52,53,3.4,30,114,2.0,,,,2.9,,,,,3.1,30,224,0.8,,,2.0,,1.3,,,,,21.0,1.3,,,,,,,,,,,,,,,,,,,30,,,,,,,,,,,,
163,Late/Int. Stem Borer Variety Trial,M2015IKM,2,TZBR ELD3-C2,NIGERIA,IKENNE,,3.70,6.87,,2000,6851.8,,,,,,,1.9,56,56,2.4,35,115,1.8,,,,3.4,,,,,2.1,36,233,,,,1.5,,0.5,,,,,22.0,-0.3,,,,,,,,,,,,,,,,,,,36,,,,,,,,,,,,
164,Late/Int. Stem Borer Variety Trial,M2015IKM,3,TZBR Syn-W C1,NIGERIA,IKENNE,,3.70,6.87,,2000,5002.4,,,,,,,2.1,54,56,2.9,31,115,1.9,,,,2.9,,,,,2.5,32,230,1.0,,,1.8,,,,,,,19.9,1.3,,,,,,,,,,,,,,,,,,,32,,,,,,,,,,,,
165,Late/Int. Stem Borer Variety Trial,M2015IKM,4,TZBR Syn-Y C1,NIGERIA,IKENNE,,3.70,6.87,,2000,5020.6,,,,,,,2.0,53,55,3.1,34,114,2.4,,,,3.1,,,,,2.4,34,219,1.3,,,2.0,,1.0,,,,,21.2,2.0,,,,,,,,,,,,,,,,,,,35,,,,,,,,,,,,
166,Late/Int. Stem Borer Variety Trial,M2015IKM,5,AMA TZBR-W C1,NIGERIA,IKENNE,,3.70,6.87,,2000,6035.3,,,,,,,2.1,55,55,2.5,32,111,2.0,,,,3.1,,,,,2.1,31,226,0.8,,,2.0,,0.3,,,,,19.7,0.3,,,,,,,,,,,,,,,,,,,32,,,,,,,,,,,,
167,Late/Int. Stem Borer Variety Trial,M2015IKM,6,ICZ5 BC2A (9450),NIGERIA,IKENNE,,3.70,6.87,,2000,3953.4,,,,,,,2.5,51,53,3.3,33,104,1.9,,,,2.9,,,,,3.9,34,215,1.3,,,2.4,,0.8,,,,,22.1,1.5,,,,,,,,,,,,,,,,,,,34,,,,,,,,,,,,
168,Late/Int. Stem Borer Variety Trial,M2015IKM,7,ICZ5 BC2B (KU1414SR/SR),NIGERIA,IKENNE,,3.70,6.87,,2000,4009.8,,,,,,,2.5,50,51,3.0,35,111,2.1,,,,3.3,,,,,3.4,36,216,0.8,,,2.4,,2.3,,,,,22.0,1.0,,,,,,,,,,,,,,,,,,,37,,,,,,,,,,,,
169,Late/Int. Stem Borer Variety Trial,M2015IKM,8,TZBR Ses 1 C3-W,NIGERIA,IKENNE,,3.70,6.87,,2000,4666.8,,,,,,,2.3,52,53,3.3,32,124,1.8,,,,3.3,,,,,2.5,34,222,1.3,,,2.3,,1.3,,,,,22.3,1.0,,,,,,,,,,,,,,,,,,,34,,,,,,,,,,,,
170,Late/Int. Stem Borer Variety Trial,M2015IKM,9,TZBR Ses 1 C3-Y,NIGERIA,IKENNE,,3.70,6.87,,2000,5026.9,,,,,,,2.5,53,54,2.9,32,116,1.9,,,,3.5,,,,,2.6,34,212,1.5,,,2.0,,0.8,,,,,19.9,1.5,,,,,,,,,,,,,,,,,,,34,,,,,,,,,,,,
171,Late/Int. Stem Borer Variety Trial,M2015IKM,10,TZBR Ses 3 C3-Y,NIGERIA,IKENNE,,3.70,6.87,,2000,3541.2,,,,,,,2.6,52,54,3.4,29,114,2.1,,,,2.8,,,,,3.5,30,220,0.5,,,2.9,,1.5,,,,,21.1,1.8,,,,,,,,,,,,,,,,,,,30,,,,,,,,,,,,
172,Late/Int. Stem Borer Variety Trial,M2015IKM,11,TZBR Ses 3 C3-W,NIGERIA,IKENNE,,3.70,6.87,,2000,3764.8,,,,,,,2.8,52,54,3.3,29,116,2.0,,,,2.6,,,,,3.6,32,217,0.8,,,2.9,,0.8,,,,,22.7,2.3,,,,,,,,,,,,,,,,,,,33,,,,,,,,,,,,
173,Late/Int. Stem Borer Variety Trial,M2015IKM,12,CHECK,NIGERIA,IKENNE,,3.70,6.87,,2000,5348.7,,,,,,,2.5,55,56,2.9,32,118,2.0,,,,3.3,,,,,2.9,33,237,1.0,,,2.1,,1.0,,,,,22.2,1.3,,,,,,,,,,,,,,,,,,,33,,,,,,,,,,,,
174,Late/Int. Stem Borer Variety Trial,M2015EGM,1,TZBR ELD1 C7,NIGERIA,EGBEMA,,7.43,5.52,,2000,2731.2,,,,,,,,59,61,3,27,78,,,,,5,,,,,5,35,176,1,,,,,4,,,,,28,,,,,5,7,2,,,,,,,,,,,,,41,,,,,,,,,,,,
175,Late/Int. Stem Borer Variety Trial,M2015EGM,2,TZBR ELD3-C2,NIGERIA,EGBEMA,,7.43,5.52,,2000,3265.4,,,,,,,,62,64,2,26,83,,,,,6,,,,,4,33,175,2,,,,,5,,,,,27,,,,,3,4,2,,,,,,,,,,,,,38,,,,,,,,,,,,
176,Late/Int. Stem Borer Variety Trial,M2015EGM,3,TZBR Syn-W C1,NIGERIA,EGBEMA,,7.43,5.52,,2000,2490.1,,,,,,,,62,64,3,27,70,,,,,5,,,,,5,35,169,4,,,,,3,,,,,30,,,,,4,5,2,,,,,,,,,,,,,42,,,,,,,,,,,,
177,Late/Int. Stem Borer Variety Trial,M2015EGM,4,TZBR Syn-Y C1,NIGERIA,EGBEMA,,7.43,5.52,,2000,2626.0,,,,,,,,60,63,2,26,76,,,,,5,,,,,5,34,167,3,,,,,4,,,,,26,,,,,5,8,3,,,,,,,,,,,,,41,,,,,,,,,,,,
178,Late/Int. Stem Borer Variety Trial,M2015EGM,5,AMA TZBR-W C1,NIGERIA,EGBEMA,,7.43,5.52,,2000,3540.9,,,,,,,,60,62,2,29,81,,,,,5,,,,,5,38,177,3,,,,,6,,,,,26,,,,,5,3,2,,,,,,,,,,,,,41,,,,,,,,,,,,
179,Late/Int. Stem Borer Variety Trial,M2015EGM,6,ICZ5 BC2A (9450),NIGERIA,EGBEMA,,7.43,5.52,,2000,2285.1,,,,,,,,60,61,3,24,72,,,,,5,,,,,5,35,178,3,,,,,7,,,,,27,,,,,5,5,3,,,,,,,,,,,,,39,,,,,,,,,,,,
180,Late/Int. Stem Borer Variety Trial,M2015EGM,7,ICZ5 BC2B (KU1414SR/SR),NIGERIA,EGBEMA,,7.43,5.52,,2000,2824.6,,,,,,,,60,61,2,26,76,,,,,5,,,,,5,38,175,4,,,,,6,,,,,27,,,,,4,3,2,,,,,,,,,,,,,41,,,,,,,,,,,,
181,Late/Int. Stem Borer Variety Trial,M2015EGM,8,TZBR Ses 1 C3-W,NIGERIA,EGBEMA,,7.43,5.52,,2000,2967.4,,,,,,,,60,62,2,27,88,,,,,6,,,,,5,36,179,3,,,,,5,,,,,27,,,,,4,5,2,,,,,,,,,,,,,41,,,,,,,,,,,,
182,Late/Int. Stem Borer Variety Trial,M2015EGM,9,TZBR Ses 1 C3-Y,NIGERIA,EGBEMA,,7.43,5.52,,2000,3078.6,,,,,,,,60,61,2,25,87,,,,,6,,,,,5,35,180,7,,,,,2,,,,,26,,,,,3,5,2,,,,,,,,,,,,,40,,,,,,,,,,,,
183,Late/Int. Stem Borer Variety Trial,M2015EGM,10,TZBR Ses 3 C3-Y,NIGERIA,EGBEMA,,7.43,5.52,,2000,1711.2,,,,,,,,60,61,3,19,69,,,,,5,,,,,6,29,154,4,,,,,6,,,,,28,,,,,5,8,2,,,,,,,,,,,,,36,,,,,,,,,,,,
184,Late/Int. Stem Borer Variety Trial,M2015EGM,11,TZBR Ses 3 C3-W,NIGERIA,EGBEMA,,7.43,5.52,,2000,2008.4,,,,,,,,60,62,3,24,78,,,,,5,,,,,6,34,169,2,,,,,6,,,,,25,,,,,5,4,2,,,,,,,,,,,,,39,,,,,,,,,,,,
185,Late/Int. Stem Borer Variety Trial,M2015EGM,12,CHECK,NIGERIA,EGBEMA,,7.43,5.52,,2000,2975.1,,,,,,,,60,62,2,24,80,,,,,5,,,,,5,34,188,3,,,,,5,,,,,25,,,,,4,7,2,,,,,,,,,,,,,40,,,,,,,,,,,,
186,Late/Int. Stem Borer Variety Trial,M2015EG ,1,TZBR ELD1 C7,NIGERIA,EGBEMA,,7.43,5.52,,2000,2731.2,,,,,,,,59,61,2.5,27,78,,,,,5.0,,,,,5.0,35,176,1.3,,,,,4.0,,,,15.8,,,5,,,,6.8,,,,,,,,,,,,,,41,,,2,,,,,,,,,
187,Late/Int. Stem Borer Variety Trial,M2015EG,2,TZBR ELD3-C2,NIGERIA,EGBEMA,,7.43,5.52,,2000,3265.4,,,,,,,,62,64,2.0,26,83,,,,,5.5,,,,,4.0,33,175,1.5,,,,,5.0,,,,13.3,,,3,,,,4.0,,,,,,,,,,,,,,38,,,2,,,,,,,,,
188,Late/Int. Stem Borer Variety Trial,M2015EG ,3,TZBR Syn-W C1,NIGERIA,EGBEMA,,7.43,5.52,,2000,2490.1,,,,,,,,62,64,2.8,27,70,,,,,4.5,,,,,4.8,35,169,4.3,,,,,2.5,,,,16.3,,,4,,,,4.5,,,,,,,,,,,,,,42,,,2,,,,,,,,,
189,Late/Int. Stem Borer Variety Trial,M2015EG,4,TZBR Syn-Y C1,NIGERIA,EGBEMA,,7.43,5.52,,2000,2626.0,,,,,,,,60,63,2.3,26,76,,,,,4.5,,,,,5.0,34,167,3.3,,,,,4.3,,,,15.3,,,5,,,,8.0,,,,,,,,,,,,,,41,,,3,,,,,,,,,
190,Late/Int. Stem Borer Variety Trial,M2015EG ,5,AMA TZBR-W C1,NIGERIA,EGBEMA,,7.43,5.52,,2000,3540.9,,,,,,,,60,62,2.3,29,81,,,,,4.8,,,,,4.8,38,177,2.8,,,,,6.0,,,,17.0,,,5,,,,2.8,,,,,,,,,,,,,,41,,,2,,,,,,,,,
191,Late/Int. Stem Borer Variety Trial,M2015EG,6,ICZ5 BC2A (9450),NIGERIA,EGBEMA,,7.43,5.52,,2000,2285.1,,,,,,,,60,61,2.8,24,72,,,,,5.0,,,,,5.3,35,178,3.0,,,,,6.8,,,,15.3,,,5,,,,4.5,,,,,,,,,,,,,,39,,,3,,,,,,,,,
192,Late/Int. Stem Borer Variety Trial,M2015EG ,7,ICZ5 BC2B (KU1414SR/SR),NIGERIA,EGBEMA,,7.43,5.52,,2000,2824.6,,,,,,,,60,61,2.3,26,76,,,,,5.0,,,,,4.8,38,175,3.8,,,,,5.8,,,,16.8,,,4,,,,2.8,,,,,,,,,,,,,,41,,,2,,,,,,,,,
193,Late/Int. Stem Borer Variety Trial,M2015EG,8,TZBR Ses 1 C3-W,NIGERIA,EGBEMA,,7.43,5.52,,2000,2967.4,,,,,,,,60,62,2.0,27,88,,,,,5.5,,,,,4.5,36,179,2.5,,,,,5.3,,,,16.5,,,4,,,,4.5,,,,,,,,,,,,,,41,,,2,,,,,,,,,
194,Late/Int. Stem Borer Variety Trial,M2015EG ,9,TZBR Ses 1 C3-Y,NIGERIA,EGBEMA,,7.43,5.52,,2000,3078.6,,,,,,,,60,61,2.0,25,87,,,,,5.8,,,,,4.5,35,180,7.3,,,,,1.5,,,,14.5,,,3,,,,5.0,,,,,,,,,,,,,,40,,,2,,,,,,,,,
195,Late/Int. Stem Borer Variety Trial,M2015EG,10,TZBR Ses 3 C3-Y,NIGERIA,EGBEMA,,7.43,5.52,,2000,1711.2,,,,,,,,60,61,2.8,19,69,,,,,4.8,,,,,6.0,29,154,3.8,,,,,5.8,,,,11.5,,,5,,,,7.5,,,,,,,,,,,,,,36,,,2,,,,,,,,,
196,Late/Int. Stem Borer Variety Trial,M2015EG ,11,TZBR Ses 3 C3-W,NIGERIA,EGBEMA,,7.43,5.52,,2000,2008.4,,,,,,,,60,62,3.0,24,78,,,,,5.0,,,,,5.5,34,169,2.0,,,,,6.3,,,,15.8,,,5,,,,4.3,,,,,,,,,,,,,,39,,,2,,,,,,,,,
197,Late/Int. Stem Borer Variety Trial,M2015EG,12,CHECK,NIGERIA,EGBEMA,,7.43,5.52,,2000,2975.1,,,,,,,,60,62,2.0,24,80,,,,,5.3,,,,,4.5,34,188,2.5,,,,,5.3,,,,13.0,,,4,,,,6.5,,,,,,,,,,,,,,40,,,2,,,,,,,,,
198,Late/Int. Stem Borer Variety Trial,M2015IK,1,TZBR ELD1 C7,NIGERIA,IKENNE,,3.70,6.87,,2000,4476.8,2.1,,,,,,2.5,52,53,3.4,30,114,,,,,2.9,,,,,3.1,30,224,0.8,,,2.0,,1.3,,,,2.0,,1.3,,,,,,,,,,,,,,,,,,,30,,,,,,,,,,,,
199,Late/Int. Stem Borer Variety Trial,M2015IK,2,TZBR ELD3-C2,NIGERIA,IKENNE,,3.70,6.87,,2000,6851.8,1.6,,,,,,1.9,56,56,2.4,35,115,,,,,3.4,,,,,2.1,36,233,,,,1.5,,0.5,,,,1.8,,-0.3,,,,,,,,,,,,,,,,,,,36,,,,,,,,,,,,
200,Late/Int. Stem Borer Variety Trial,M2015IK,3,TZBR Syn-W C1,NIGERIA,IKENNE,,3.70,6.87,,2000,5002.4,2.0,,,,,,2.1,54,56,2.9,31,115,,,,,2.9,,,,,2.5,32,230,1.0,,,1.8,,,,,,1.9,,1.3,,,,,,,,,,,,,,,,,,,32,,,,,,,,,,,,
201,Late/Int. Stem Borer Variety Trial,M2015IK,4,TZBR Syn-Y C1,NIGERIA,IKENNE,,3.70,6.87,,2000,5020.6,2.0,,,,,,2.0,53,55,3.1,34,114,,,,,3.1,,,,,2.4,34,219,1.3,,,2.0,,1.0,,,,2.4,,2.0,,,,,,,,,,,,,,,,,,,35,,,,,,,,,,,,
202,Late/Int. Stem Borer Variety Trial,M2015IK,5,AMA TZBR-W C1,NIGERIA,IKENNE,,3.70,6.87,,2000,6035.3,2.0,,,,,,2.1,55,55,2.5,32,111,,,,,3.1,,,,,2.1,31,226,0.8,,,2.0,,0.3,,,,2.0,,0.3,,,,,,,,,,,,,,,,,,,32,,,,,,,,,,,,
203,Late/Int. Stem Borer Variety Trial,M2015IK,6,ICZ5 BC2A (9450),NIGERIA,IKENNE,,3.70,6.87,,2000,3953.4,2.9,,,,,,2.5,51,53,3.3,33,104,,,,,2.9,,,,,3.9,34,215,1.3,,,2.4,,0.8,,,,1.9,,1.5,,,,,,,,,,,,,,,,,,,34,,,,,,,,,,,,
204,Late/Int. Stem Borer Variety Trial,M2015IK,7,ICZ5 BC2B (KU1414SR/SR),NIGERIA,IKENNE,,3.70,6.87,,2000,4009.8,2.5,,,,,,2.5,50,51,3.0,35,111,,,,,3.3,,,,,3.4,36,216,0.8,,,2.4,,2.3,,,,2.1,,1.0,,,,,,,,,,,,,,,,,,,37,,,,,,,,,,,,
205,Late/Int. Stem Borer Variety Trial,M2015IK,8,TZBR Ses 1 C3-W,NIGERIA,IKENNE,,3.70,6.87,,2000,4666.8,2.1,,,,,,2.3,52,53,3.3,32,124,,,,,3.3,,,,,2.5,34,222,1.3,,,2.3,,1.3,,,,1.8,,1.0,,,,,,,,,,,,,,,,,,,34,,,,,,,,,,,,
206,Late/Int. Stem Borer Variety Trial,M2015IK,9,TZBR Ses 1 C3-Y,NIGERIA,IKENNE,,3.70,6.87,,2000,5026.9,2.1,,,,,,2.5,53,54,2.9,32,116,,,,,3.5,,,,,2.6,34,212,1.5,,,2.0,,0.8,,,,1.9,,1.5,,,,,,,,,,,,,,,,,,,34,,,,,,,,,,,,
207,Late/Int. Stem Borer Variety Trial,M2015IK,10,TZBR Ses 3 C3-Y,NIGERIA,IKENNE,,3.70,6.87,,2000,3541.2,2.8,,,,,,2.6,52,54,3.4,29,114,,,,,2.8,,,,,3.5,30,220,0.5,,,2.9,,1.5,,,,2.1,,1.8,,,,,,,,,,,,,,,,,,,30,,,,,,,,,,,,
208,Late/Int. Stem Borer Variety Trial,M2015IK,11,TZBR Ses 3 C3-W,NIGERIA,IKENNE,,3.70,6.87,,2000,3764.8,2.8,,,,,,2.8,52,54,3.3,29,116,,,,,2.6,,,,,3.6,32,217,0.8,,,2.9,,0.8,,,,2.0,,2.3,,,,,,,,,,,,,,,,,,,33,,,,,,,,,,,,
209,Late/Int. Stem Borer Variety Trial,M2015IK,12,CHECK,NIGERIA,IKENNE,,3.70,6.87,,2000,5348.7,2.1,,,,,,2.5,55,56,2.9,32,118,,,,,3.3,,,,,2.9,33,237,1.0,,,2.1,,1.0,,,,2.0,,1.3,,,,,,,,,,,,,,,,,,,33,,,,,,,,,,,,
210,Late/Int. Stem Borer Variety Trial,M2015OBK,1,TZBR ELD1 C7,NIGERIA,OBIRIKOM,,6.55,4.93,,2000,2515.1,,,,,,,,62,62,3.8,24,67,,,,,4.0,,,,,4.5,33,155,2.0,,,,,3.5,,,,16.8,,0.3,4,,,,1.0,,,,,,,,,2.0,,,,,37,,,3.3,,,,,,,,,
211,Late/Int. Stem Borer Variety Trial,M2015OBK,2,TZBR ELD3-C2,NIGERIA,OBIRIKOM,,6.55,4.93,,2000,2843.0,,,,,,,,66,67,3.5,29,87,,,,,5.0,,,,,3.8,34,173,2.3,,,,,2.8,,,,14.5,,1.3,3,,,,0.8,,,,,,,,,2.0,,,,,39,,,2.8,,,,,,,,,
212,Late/Int. Stem Borer Variety Trial,M2015OBK,3,TZBR Syn-W C1,NIGERIA,OBIRIKOM,,6.55,4.93,,2000,2372.5,,,,,,,,64,64,3.8,28,80,,,,,4.3,,,,,4.0,37,171,1.3,,,,,3.8,,,,19.5,,0.3,4,,,,3.0,,,,,,,,,2.0,,,,,40,,,3.8,,,,,,,,,
213,Late/Int. Stem Borer Variety Trial,M2015OBK,4,TZBR Syn-Y C1,NIGERIA,OBIRIKOM,,6.55,4.93,,2000,2662.9,,,,,,,,63,64,3.8,25,85,,,,,5.3,,,,,4.3,35,169,2.8,,,,,4.8,,,,17.5,,0.8,4,,,,2.0,,,,,,,,,3.0,,,,,39,,,3.3,,,,,,,,,
214,Late/Int. Stem Borer Variety Trial,M2015OBK,5,AMA TZBR-W C1,NIGERIA,OBIRIKOM,,6.55,4.93,,2000,2861.7,,,,,,,,64,65,3.5,29,72,,,,,3.5,,,,,3.8,37,161,0.8,,,,,5.0,,,,17.8,,0.8,3,,,,2.5,,,,,,,,,2.0,,,,,39,,,3.3,,,,,,,,,
215,Late/Int. Stem Borer Variety Trial,M2015OBK,6,ICZ5 BC2A (9450),NIGERIA,OBIRIKOM,,6.55,4.93,,2000,2288.5,,,,,,,,60,60,5.0,25,70,,,,,4.5,,,,,5.0,33,158,0.8,,,,,6.3,,,,21.5,,0.3,4,,,,4.0,,,,,,,,,2.0,,,,,38,,,4.0,,,,,,,,,
216,Late/Int. Stem Borer Variety Trial,M2015OBK,7,ICZ5 BC2B (KU1414SR/SR),NIGERIA,OBIRIKOM,,6.55,4.93,,2000,2089.2,,,,,,,,60,60,4.5,24,75,,,,,4.5,,,,,5.3,37,164,0.8,,,,,6.8,,,,18.3,,0.3,4,,,,2.8,,,,,,,,,2.0,,,,,40,,,4.5,,,,,,,,,
217,Late/Int. Stem Borer Variety Trial,M2015OBK,8,TZBR Ses 1 C3-W,NIGERIA,OBIRIKOM,,6.55,4.93,,2000,2739.4,,,,,,,,62,63,4.0,28,87,,,,,4.8,,,,,4.0,37,167,1.0,,,,,5.5,,,,17.5,,0.3,4,,,,1.0,,,,,,,,,2.0,,,,,40,,,3.0,,,,,,,,,
218,Late/Int. Stem Borer Variety Trial,M2015OBK,9,TZBR Ses 1 C3-Y,NIGERIA,OBIRIKOM,,6.55,4.93,,2000,2505.1,,,,,,,,64,65,3.5,26,77,,,,,4.5,,,,,3.8,34,154,1.5,,,,,6.5,,,,14.5,,1.0,3,,,,4.3,,,,,,,,,2.0,,,,,40,,,3.8,,,,,,,,,
219,Late/Int. Stem Borer Variety Trial,M2015OBK,10,TZBR Ses 3 C3-Y,NIGERIA,OBIRIKOM,,6.55,4.93,,2000,1902.2,,,,,,,,61,62,4.8,22,78,,,,,5.8,,,,,5.0,35,155,4.5,,,,,5.5,,,,17.3,,0.3,4,,,,1.8,,,,,,,,,1.8,,,,,38,,,3.8,,,,,,,,,
220,Late/Int. Stem Borer Variety Trial,M2015OBK,11,TZBR Ses 3 C3-W,NIGERIA,OBIRIKOM,,6.55,4.93,,2000,1422.1,,,,,,,,64,65,5.5,19,73,,,,,5.3,,,,,5.0,34,154,2.0,,,,,6.5,,,,15.8,,1.0,4,,,,2.0,,,,,,,,,2.3,,,,,39,,,4.0,,,,,,,,,
221,Late/Int. Stem Borer Variety Trial,M2015OBK,12,CHECK,NIGERIA,OBIRIKOM,,6.55,4.93,,2000,2437.4,,,,,,,,63,63,3.8,23,69,,,,,5.0,,,,,4.3,35,157,1.3,,,,,5.0,,,,16.5,,0.5,4,,,,1.5,,,,,,,,,2.3,,,,,39,,,3.5,,,,,,,,,
222,Late/Intermediate Stem Borer Resistant/ Tolerant Variety Trial,M0115EG,1,TZBR ELD1 C7,NIGERIA,EGBEMA,,7.43,5.52,,2001,4071.8,,,,,,,5.8,59,59,3.0,39,41,,,,,3.8,,,,,4.8,41,,1.8,,,,,2.8,,,,4.8,,0.3,,,,,1.0,,,,,,,4.6,,,,,,,,,,3.8,,,,,,,,,
223,Late/Intermediate Stem Borer Resistant/ Tolerant Variety Trial,M0115EG,2,TZBR ELD3-C2,NIGERIA,EGBEMA,,7.43,5.52,,2001,3733.2,,,,,,,4.3,65,66,3.0,34,40,,,,,4.5,,,,,4.0,40,,0.8,,,,,2.3,,,,2.5,,0.5,,,,,,,,,,,,4.2,,,,,,,,,,3.3,,,,,,,,,
224,Late/Intermediate Stem Borer Resistant/ Tolerant Variety Trial,M0115EG,3,TZBR ELD3-C3,NIGERIA,EGBEMA,,7.43,5.52,,2001,4292.5,,,,,,,4.8,62,62,3.0,39,42,,,,,4.8,,,,,4.3,41,,1.0,,,,,1.5,,,,3.5,,,,,,,0.5,,,,,,,4.7,,,,,,,,,,3.0,,,,,,,,,
225,Late/Intermediate Stem Borer Resistant/ Tolerant Variety Trial,M0115EG,4,TZBR SYN-W C2,NIGERIA,EGBEMA,,7.43,5.52,,2001,4629.0,,,,,,,3.8,63,64,3.5,38,41,,,,,3.8,,,,,4.0,40,,0.5,,,,,2.3,,,,4.5,,0.3,,,,,,,,,,,,5.1,,,,,,,,,,3.0,,,,,,,,,
226,Late/Intermediate Stem Borer Resistant/ Tolerant Variety Trial,M0115EG,5,TZBR SYN-Y C2,NIGERIA,EGBEMA,,7.43,5.52,,2001,3627.7,,,,,,,3.8,64,64,3.0,33,38,,,,,4.3,,,,,3.8,37,,1.8,,,,,3.3,,,,4.8,,,,,,,0.3,,,,,,,4.1,,,,,,,,,,3.3,,,,,,,,,
227,Late/Intermediate Stem Borer Resistant/ Tolerant Variety Trial,M0115EG,6,AMA TZBR-W C1,NIGERIA,EGBEMA,,7.43,5.52,,2001,4216.9,,,,,,,4.8,61,60,3.0,41,41,,,,,4.0,,,,,4.3,40,,,,,,,0.8,,,,2.8,,-0.3,,,,,0.5,,,,,,,4.7,,,,,,,,,,3.5,,,,,,,,,
228,Late/Intermediate Stem Borer Resistant/ Tolerant Variety Trial,M0115EG,7,ICZ5 BC2A (9450),NIGERIA,EGBEMA,,7.43,5.52,,2001,2627.2,,,,,,,6.0,61,61,4.0,37,41,,,,,4.3,,,,,5.5,40,,0.8,,,,,1.5,,,,5.0,,0.3,,,,,0.3,,,,,,,2.9,,,,,,,,,,4.0,,,,,,,,,
229,Late/Intermediate Stem Borer Resistant/ Tolerant Variety Trial,M0115EG,8,ICZ5 BC2B (KU1414SR/SR),NIGERIA,EGBEMA,,7.43,5.52,,2001,3641.1,,,,,,,5.3,60,60,4.0,39,40,,,,,4.5,,,,,5.3,40,,5.3,,,,,3.5,,,,8.3,,,,,,,0.8,,,,,,,4.1,,,,,,,,,,4.0,,,,,,,,,
230,Late/Intermediate Stem Borer Resistant/ Tolerant Variety Trial,M0115EG,9,TZBR Ses1-C3-W,NIGERIA,EGBEMA,,7.43,5.52,,2001,3773.9,,,,,,,5.0,62,62,3.0,37,41,,,,,4.3,,,,,4.8,41,,1.0,,,,,2.0,,,,2.8,,0.5,,,,,,,,,,,,4.0,,,,,,,,,,3.3,,,,,,,,,
231,Late/Intermediate Stem Borer Resistant/ Tolerant Variety Trial,M0115EG,10,TZBR Ses1-C3-Y,NIGERIA,EGBEMA,,7.43,5.52,,2001,3358.0,,,,,,,4.8,63,63,3.0,34,39,,,,,4.3,,,,,4.5,39,,1.5,,,,,3.8,,,,3.3,,0.8,,,,,0.3,,,,,,,3.6,,,,,,,,,,3.0,,,,,,,,,
232,Late/Intermediate Stem Borer Resistant/ Tolerant Variety Trial,M0115EG,11,TZBR Ses3-C4-Y,NIGERIA,EGBEMA,,7.43,5.52,,2001,2267.4,,,,,,,6.3,61,62,3.8,34,42,,,,,5.0,,,,,6.0,41,,2.3,,,,,2.0,,,,5.3,,0.8,,,,,0.3,,,,,,,2.5,,,,,,,,,,3.0,,,,,,,,,
233,Late/Intermediate Stem Borer Resistant/ Tolerant Variety Trial,M0115EG,12,TZBR Ses3-C4-W,NIGERIA,EGBEMA,,7.43,5.52,,2001,2703.1,,,,,,,5.8,61,62,3.5,34,42,,,,,4.3,,,,,5.3,41,,4.3,,,,,2.0,,,,5.5,,0.5,,,,,,,,,,,,3.0,,,,,,,,,,2.8,,,,,,,,,
234,Late/Intermediate Stem Borer Resistant/ Tolerant Variety Trial,M0115EG,13,CHECK 1,NIGERIA,EGBEMA,,7.43,5.52,,2001,4164.5,,,,,,,4.3,62,62,2.8,37,41,,,,,4.0,,,,,3.8,41,,0.8,,,,,1.0,,,,3.5,,0.3,,,,,0.8,,,,,,,4.6,,,,,,,,,,2.8,,,,,,,,,
235,Late/Intermediate Stem Borer Resistant/ Tolerant Variety Trial,M0115EG,14,CHECK 2,NIGERIA,EGBEMA,,7.43,5.52,,2001,4330.4,,,,,,,4.5,63,64,2.8,37,42,,,,,4.3,,,,,4.5,41,,0.5,,,,,3.0,,,,4.3,,0.5,,,,,,,,,,,,4.6,,,,,,,,,,3.8,,,,,,,,,
236,Late/Intermediate Stem Borer Resistant/ Tolerant Variety Trial,M0115IB,1,TZBR ELD1 C7,NIGERIA,IBADAN,,3.93,7.38,Forest/Transitional,2001,3590.6,,,,,,,,,57,2.3,23,105,,,,,4.0,,,,,3.3,26,192,3.3,,,,,2.8,,,,,,,0.8,,,,1.8,,,3.5,21,96,3.8,4.3,4.5,2.8,3.5,4.0,22,189,26,26,3.3,,0.3,,3295,2908,3249,57,1.8,,
237,Late/Intermediate Stem Borer Resistant/ Tolerant Variety Trial,M0115IB,2,TZBR ELD3-C2,NIGERIA,IBADAN,,3.93,7.38,Forest/Transitional,2001,4999.6,,,,,,,,,59,2.3,26,113,,,,,4.5,,,,,2.3,26,199,1.3,,,,,0.3,,,,,,,0.5,,,,2.0,,,3.5,22,94,4.1,5.8,5.0,4.8,5.3,5.5,24,177,26,26,2.5,,1.0,,3415,2958,4454,61,1.8,,
238,Late/Intermediate Stem Borer Resistant/ Tolerant Variety Trial,M0115IB,3,TZBR ELD3-C3,NIGERIA,IBADAN,,3.93,7.38,Forest/Transitional,2001,4772.7,,,,,,,,,57,2.0,25,113,,,,,5.5,,,,,2.8,25,201,3.0,,,,,1.8,,,,,,,0.5,,,,1.0,,,2.5,23,92,5.1,5.6,6.0,4.8,5.0,3.8,24,179,26,26,2.5,,1.5,,4308,3719,4269,57,2.8,,
239,Late/Intermediate Stem Borer Resistant/ Tolerant Variety Trial,M0115IB,4,TZBR SYN-W C2,NIGERIA,IBADAN,,3.93,7.38,Forest/Transitional,2001,3897.6,,,,,,,,,59,2.3,23,108,,,,,4.5,,,,,3.0,25,203,2.8,,,,,1.5,,,,,,,0.5,,,,0.3,,,2.5,24,100,5.0,4.6,5.5,2.8,3.3,4.3,23,187,25,25,2.5,,0.3,,4317,3806,3644,58,1.8,,
240,Late/Intermediate Stem Borer Resistant/ Tolerant Variety Trial,M0115IB,5,TZBR SYN-Y C2,NIGERIA,IBADAN,,3.93,7.38,Forest/Transitional,2001,4393.1,,,,,,,,,59,2.0,25,114,,,,,4.8,,,,,3.0,25,189,2.0,,,,,2.8,,,,,,,2.0,,,,2.3,,,2.8,22,118,4.3,5.2,5.3,4.5,4.8,5.5,23,166,26,26,1.8,,0.8,,3808,3206,3772,57,2.5,,
241,Late/Intermediate Stem Borer Resistant/ Tolerant Variety Trial,M0115IB,6,AMA TZBR-W C1,NIGERIA,IBADAN,,3.93,7.38,Forest/Transitional,2001,4594.0,,,,,,,,,58,2.0,25,104,,,,,4.5,,,,,2.5,26,182,2.0,,,,,2.3,,,,,,,1.0,,,,1.5,,,3.5,23,95,4.4,5.3,6.0,3.8,4.5,5.3,24,169,26,26,2.0,,1.5,,3782,3186,4054,58,3.8,,
242,Late/Intermediate Stem Borer Resistant/ Tolerant Variety Trial,M0115IB,7,ICZ5 BC2A (9450),NIGERIA,IBADAN,,3.93,7.38,Forest/Transitional,2001,3692.2,,,,,,,,,59,2.3,24,97,,,,,4.8,,,,,3.0,25,185,0.5,,,,,1.8,,,,,,,2.3,,,,1.5,,,3.3,23,85,3.8,4.3,5.0,4.3,5.0,5.5,24,161,26,26,1.0,,0.3,,3207,2661,3139,58,2.8,,
243,Late/Intermediate Stem Borer Resistant/ Tolerant Variety Trial,M0115IB,8,ICZ5 BC2B (KU1414SR/SR),NIGERIA,IBADAN,,3.93,7.38,Forest/Transitional,2001,3551.6,,,,,,,,,56,3.0,23,94,,,,,4.5,,,,,3.8,25,185,1.8,,,,,1.3,,,,,,,3.0,,,,1.3,,,4.3,21,84,3.3,4.1,5.0,3.3,4.0,5.8,23,165,26,26,5.8,,1.0,,2871,2408,3017,56,4.5,,
244,Late/Intermediate Stem Borer Resistant/ Tolerant Variety Trial,M0115IB,9,TZBR Ses1-C3-W,NIGERIA,IBADAN,,3.93,7.38,Forest/Transitional,2001,3667.7,,,,,,,,,58,2.3,20,103,,,,,4.0,,,,,2.8,25,183,1.3,,,,,1.5,,,,,,,1.0,,,,0.5,,,2.8,22,98,4.3,4.2,5.0,2.3,2.8,5.3,24,178,26,26,4.5,,0.5,,3717,3491,3256,58,2.5,,
245,Late/Intermediate Stem Borer Resistant/ Tolerant Variety Trial,M0115IB,10,TZBR Ses1-C3-Y,NIGERIA,IBADAN,,3.93,7.38,Forest/Transitional,2001,4411.0,,,,,,,,,59,2.3,23,115,,,,,4.5,,,,,2.5,25,190,0.3,,,,,2.5,,,,,,,2.0,,,,0.8,,,2.8,22,98,4.5,5.0,5.0,3.5,4.3,4.3,25,169,26,26,2.3,,1.5,,3880,3323,3690,58,3.3,,
246,Late/Intermediate Stem Borer Resistant/ Tolerant Variety Trial,M0115IB,11,TZBR Ses3-C4-Y,NIGERIA,IBADAN,,3.93,7.38,Forest/Transitional,2001,3924.3,,,,,,,,,58,2.5,23,107,,,,,4.5,,,,,3.8,25,179,3.0,,,,,3.5,,,,,,,1.8,,,,1.3,,,3.8,23,101,4.8,4.6,5.0,3.8,4.0,4.5,24,182,26,26,2.3,,0.5,,4211,3411,3439,56,6.5,,
247,Late/Intermediate Stem Borer Resistant/ Tolerant Variety Trial,M0115IB,12,TZBR Ses3-C4-W,NIGERIA,IBADAN,,3.93,7.38,Forest/Transitional,2001,3650.5,,,,,,,,,58,2.5,21,106,,,,,4.3,,,,,3.3,24,192,2.3,,,,,3.5,,,,,,,1.8,,,,,,,2.8,21,90,4.0,4.2,4.8,2.8,3.0,4.0,25,168,26,26,4.8,,0.8,,3546,2986,3115,58,3.5,,
248,Late/Intermediate Stem Borer Resistant/ Tolerant Variety Trial,M0115IB,13,CHECK 1,NIGERIA,IBADAN,,3.93,7.38,Forest/Transitional,2001,4933.5,,,,,,,,,57,2.3,25,99,,,,,3.0,,,,,3.0,26,193,2.0,,,,,1.0,,,,,,,1.5,,,,1.0,,,3.0,22,93,4.6,5.6,3.8,4.3,5.0,5.0,25,175,26,26,2.3,,0.8,,4071,3538,4404,57,3.3,,
249,Late/Intermediate Stem Borer Resistant/ Tolerant Variety Trial,M0115IB,14,CHECK 2,NIGERIA,IBADAN,,3.93,7.38,Forest/Transitional,2001,4208.7,,,,,,,,,55,1.8,24,111,,,,,3.5,,,,,4.0,25,204,5.3,,,,,2.8,,,,,,,0.8,,,,2.0,,,2.0,19,105,4.9,4.8,3.8,3.8,3.8,4.3,24,190,26,26,3.3,,0.8,,4379,3613,4106,56,1.5,,
250,Late/Intermediate Stem Borer Resistant/ Tolerant Variety Trial,M0115IB2,1,TZBR ELD1 C7,NIGERIA,IBADAN (2),,3.93,7.38,Forest/Transitional,2001,3244.4,,,,,,,,,50,2.5,26,102,,,,,4.3,,,,,3.5,23,199,2.5,,,,,1.5,,,,,,,,,,,,,,2.5,26,100,3.8,3.3,4.5,2.0,,3.5,25,201,26,25,1.3,,0.5,0.3,3707,,,50,,,
251,Late/Intermediate Stem Borer Resistant/ Tolerant Variety Trial,M0115IB2,2,TZBR ELD3-C2,NIGERIA,IBADAN (2),,3.93,7.38,Forest/Transitional,2001,3402.8,,,,,,,,,55,2.3,22,104,,,,,3.3,,,,,3.0,23,176,,,,,,0.5,,,,,,,,,,,0.3,,,2.5,24,124,3.5,3.5,3.0,3.3,,3.3,25,197,24,25,,,0.8,0.8,3334,,,56,,,
252,Late/Intermediate Stem Borer Resistant/ Tolerant Variety Trial,M0115IB2,3,TZBR ELD3-C3,NIGERIA,IBADAN (2),,3.93,7.38,Forest/Transitional,2001,3471.5,,,,,,,,,53,2.3,26,103,,,,,4.0,,,,,3.5,23,171,1.8,,,,,1.0,,,,,,,,,,,0.3,,,2.3,26,117,3.5,3.5,4.3,2.8,,3.5,26,189,26,25,0.8,,1.0,,3427,,,54,,,
253,Late/Intermediate Stem Borer Resistant/ Tolerant Variety Trial,M0115IB2,4,TZBR SYN-W C2,NIGERIA,IBADAN (2),,3.93,7.38,Forest/Transitional,2001,3181.7,,,,,,,,,54,2.3,25,99,,,,,3.5,,,,,3.0,24,170,,,,,,1.0,,,,,,,,,,,0.3,,,2.3,26,122,4.0,3.3,3.8,2.5,,3.3,25,196,26,25,,,0.5,0.5,3893,,,53,,,
254,Late/Intermediate Stem Borer Resistant/ Tolerant Variety Trial,M0115IB2,5,TZBR SYN-Y C2,NIGERIA,IBADAN (2),,3.93,7.38,Forest/Transitional,2001,3510.3,,,,,,,,,54,2.3,25,108,,,,,3.5,,,,,3.0,25,188,1.8,,,,,1.8,,,,,,,,,,,1.3,,,2.8,23,96,3.0,3.5,3.8,3.8,,3.3,24,175,26,25,0.3,,4.3,0.5,2985,,,55,,,
255,Late/Intermediate Stem Borer Resistant/ Tolerant Variety Trial,M0115IB2,6,AMA TZBR-W C1,NIGERIA,IBADAN (2),,3.93,7.38,Forest/Transitional,2001,2948.7,,,,,,,,,52,2.3,24,98,,,,,3.0,,,,,3.0,26,195,0.3,,,,,,,,,,,,,,,,0.5,,,2.8,25,92,3.0,3.0,3.0,2.5,,3.3,26,183,26,26,2.0,,0.5,0.3,2982,,,53,,,
256,Late/Intermediate Stem Borer Resistant/ Tolerant Variety Trial,M0115IB2,7,ICZ5 BC2A (9450),NIGERIA,IBADAN (2),,3.93,7.38,Forest/Transitional,2001,2921.8,,,,,,,,,52,2.5,24,91,,,,,3.5,,,,,3.3,23,163,1.0,,,,,0.8,,,,,,,,,,,0.5,,,2.5,24,123,3.5,3.0,3.8,2.5,,3.3,25,194,25,25,0.3,,0.5,0.8,3361,,,52,,,
257,Late/Intermediate Stem Borer Resistant/ Tolerant Variety Trial,M0115IB2,8,ICZ5 BC2B (KU1414SR/SR),NIGERIA,IBADAN (2),,3.93,7.38,Forest/Transitional,2001,2939.7,,,,,,,,,50,2.8,26,98,,,,,4.8,,,,,3.5,24,195,2.5,,,,,2.3,,,,,,,,,,,0.3,,,2.8,24,89,3.3,3.0,5.0,2.8,,3.5,25,181,26,25,0.5,,1.3,1.0,3235,,,52,,,
258,Late/Intermediate Stem Borer Resistant/ Tolerant Variety Trial,M0115IB2,9,TZBR Ses1-C3-W,NIGERIA,IBADAN (2),,3.93,7.38,Forest/Transitional,2001,3444.6,,,,,,,,,52,2.3,24,130,,,,,4.5,,,,,3.3,23,164,1.0,,,,,1.5,,,,,,,,,,,,,,2.3,23,121,3.3,3.5,4.8,2.5,,3.5,24,182,26,24,1.0,,1.3,1.0,3176,,,52,,,
259,Late/Intermediate Stem Borer Resistant/ Tolerant Variety Trial,M0115IB2,10,TZBR Ses1-C3-Y,NIGERIA,IBADAN (2),,3.93,7.38,Forest/Transitional,2001,3931.6,,,,,,,,,54,1.8,26,108,,,,,4.0,,,,,3.3,24,165,,,,,,1.0,,,,,,,,,,,0.8,,,1.8,23,130,4.0,4.0,4.0,2.5,,3.3,25,187,25,25,,,1.0,0.5,3884,,,53,,,
260,Late/Intermediate Stem Borer Resistant/ Tolerant Variety Trial,M0115IB2,11,TZBR Ses3-C4-Y,NIGERIA,IBADAN (2),,3.93,7.38,Forest/Transitional,2001,3214.6,,,,,,,,,52,2.5,24,103,,,,,3.8,,,,,3.0,24,166,1.0,,,,,0.3,,,,,,,,,,,0.3,,,2.8,21,117,3.0,3.3,4.3,3.3,,3.3,25,188,25,25,1.0,,0.3,0.8,2922,,,53,,,
261,Late/Intermediate Stem Borer Resistant/ Tolerant Variety Trial,M0115IB2,12,TZBR Ses3-C4-W,NIGERIA,IBADAN (2),,3.93,7.38,Forest/Transitional,2001,2936.7,,,,,,,,,51,2.5,25,97,,,,,4.3,,,,,3.5,23,160,4.5,,,,,0.3,,,,,,,,,,,,,,2.5,24,117,3.0,3.0,4.5,3.8,,3.5,25,184,26,25,2.8,,1.3,1.3,2985,,,52,,,
262,Late/Intermediate Stem Borer Resistant/ Tolerant Variety Trial,M0115IB2,13,CHECK 1,NIGERIA,IBADAN (2),,3.93,7.38,Forest/Transitional,2001,3644.8,,,,,,,,,56,1.8,24,114,,,,,3.3,,,,,3.0,25,203,0.8,,,,,0.3,,,,,,,,,,,0.3,,,2.0,25,105,3.8,3.8,3.3,2.8,,3.0,26,195,25,25,0.8,,0.8,,3594,,,56,,,
263,Late/Intermediate Stem Borer Resistant/ Tolerant Variety Trial,M0115IB2,14,CHECK 2,NIGERIA,IBADAN (2),,3.93,7.38,Forest/Transitional,2001,3647.7,,,,,,,,,52,2.0,27,103,,,,,3.8,,,,,3.0,26,172,0.5,,,,,,,,,,,,,,,,,,,2.0,26,116,3.8,3.8,4.0,3.0,,3.0,25,180,26,25,0.3,,0.3,0.5,3722,,,51,,,
264,Late/Intermediate Stem Borer Resistant/ Tolerant Variety Trial,M0115IK,1,TZBR ELD1 C7,NIGERIA,IKENNE,,3.70,6.87,,2001,2586.9,2.8,,,,,,2.4,56,57,3.6,23,97,1.5,,,,2.8,,,,,3.0,23,207,,,,2.6,,14.8,,,,,,1.0,,,,,,,,,,,,2.8,,,,,,,23,,,,,,,,,,,,
265,Late/Intermediate Stem Borer Resistant/ Tolerant Variety Trial,M0115IK,2,TZBR ELD3-C2,NIGERIA,IKENNE,,3.70,6.87,,2001,3337.6,1.8,,,,,,1.6,59,59,2.8,22,116,1.9,,,,2.9,,,,,2.4,24,221,0.3,,,1.8,,13.3,,,,,,-0.3,,,,,,,,,,,,3.6,,,,,,,25,,,,,,,,,,,,
266,Late/Intermediate Stem Borer Resistant/ Tolerant Variety Trial,M0115IK,3,TZBR ELD3-C3,NIGERIA,IKENNE,,3.70,6.87,,2001,3116.7,2.1,,,,,,1.6,58,59,2.5,18,109,1.5,,,,3.3,,,,,2.4,21,211,,,,2.0,,13.0,,,,,,0.5,,,,,,,,,,,,3.3,,,,,,,21,,,,,,,,,,,,
267,Late/Intermediate Stem Borer Resistant/ Tolerant Variety Trial,M0115IK,4,TZBR SYN-W C2,NIGERIA,IKENNE,,3.70,6.87,,2001,2755.9,2.0,,,,,,1.5,58,58,3.0,19,102,1.8,,,,3.0,,,,,2.4,20,192,0.5,,,1.9,,12.3,,,,,,0.5,,,,,,,,,,,,2.9,,,,,,,20,,,,,,,,,,,,
268,Late/Intermediate Stem Borer Resistant/ Tolerant Variety Trial,M0115IK,5,TZBR SYN-Y C2,NIGERIA,IKENNE,,3.70,6.87,,2001,2488.3,2.3,,,,,,1.6,60,60,2.9,18,107,1.5,,,,3.1,,,,,2.5,16,201,0.8,,,2.1,,10.3,,,,,,0.5,,,,,,,,,,,,2.6,,,,,,,16,,,,,,,,,,,,
269,Late/Intermediate Stem Borer Resistant/ Tolerant Variety Trial,M0115IK,6,AMA TZBR-W C1,NIGERIA,IKENNE,,3.70,6.87,,2001,3617.7,2.4,,,,,,2.4,57,57,3.0,25,108,1.5,,,,3.1,,,,,2.9,27,208,1.3,,,2.5,,17.0,,,,,,,,,,,,,,,,,,3.8,,,,,,,27,,,,,,,,,,,,
270,Late/Intermediate Stem Borer Resistant/ Tolerant Variety Trial,M0115IK,7,ICZ5 BC2A (9450),NIGERIA,IKENNE,,3.70,6.87,,2001,1626.3,3.3,,,,,,2.3,55,57,3.6,18,90,1.9,,,,2.6,,,,,3.5,17,197,0.5,,,2.9,,9.8,,,,,,1.8,,,,,,,,,,,,1.8,,,,,,,17,,,,,,,,,,,,
271,Late/Intermediate Stem Borer Resistant/ Tolerant Variety Trial,M0115IK,8,ICZ5 BC2B (KU1414SR/SR),NIGERIA,IKENNE,,3.70,6.87,,2001,2649.6,3.1,,,,,,2.0,55,55,2.6,22,104,1.8,,,,3.4,,,,,3.5,24,216,,,,2.1,,13.8,,,,,,-0.3,,,,,,,,,,,,2.9,,,,,,,24,,,,,,,,,,,,
272,Late/Intermediate Stem Borer Resistant/ Tolerant Variety Trial,M0115IK,9,TZBR Ses1-C3-W,NIGERIA,IKENNE,,3.70,6.87,,2001,2642.1,2.9,,,,,,2.5,56,57,3.1,24,110,1.8,,,,2.8,,,,,3.1,26,204,0.5,,,2.9,,15.5,,,,,,1.3,,,,,,,,,,,,2.8,,,,,,,26,,,,,,,,,,,,
273,Late/Intermediate Stem Borer Resistant/ Tolerant Variety Trial,M0115IK,10,TZBR Ses1-C3-Y,NIGERIA,IKENNE,,3.70,6.87,,2001,2336.7,2.3,,,,,,1.9,57,58,3.0,19,109,1.8,,,,3.3,,,,,2.6,22,193,,,,2.3,,13.8,,,,,,0.8,,,,,,,,,,,,2.5,,,,,,,22,,,,,,,,,,,,
274,Late/Intermediate Stem Borer Resistant/ Tolerant Variety Trial,M0115IK,11,TZBR Ses3-C4-Y,NIGERIA,IKENNE,,3.70,6.87,,2001,2116.7,3.5,,,,,,2.3,56,57,3.6,23,101,1.8,,,,3.0,,,,,3.6,25,200,1.5,,,3.5,,16.3,,,,,,1.5,,,,,,,,,,,,2.2,,,,,,,25,,,,,,,,,,,,
275,Late/Intermediate Stem Borer Resistant/ Tolerant Variety Trial,M0115IK,12,TZBR Ses3-C4-W,NIGERIA,IKENNE,,3.70,6.87,,2001,2071.7,3.5,,,,,,2.4,57,58,3.8,20,102,2.4,,,,2.8,,,,,3.5,22,204,,,,3.4,,13.3,,,,,,0.8,,,,,,,,,,,,2.2,,,,,,,22,,,,,,,,,,,,
276,Late/Intermediate Stem Borer Resistant/ Tolerant Variety Trial,M0115IK,13,CHECK 1,NIGERIA,IKENNE,,3.70,6.87,,2001,4026.5,1.6,,,,,,1.5,56,57,3.1,27,100,1.9,,,,3.4,,,,,2.1,29,205,0.5,,,1.6,,13.8,,,,,,1.0,,,,,,,,,,,,4.1,,,,,,,30,,,,,,,,,,,,
277,Late/Intermediate Stem Borer Resistant/ Tolerant Variety Trial,M0115IK,14,CHECK 2,NIGERIA,IKENNE,,3.70,6.87,,2001,4161.6,2.0,,,,,,1.8,58,58,2.5,25,105,1.5,,,,2.4,,,,,2.5,29,222,1.3,,,1.5,,15.8,,,,,,,,,,,,,,,,,,4.4,,,,,,,29,,,,,,,,,,,,
278,Late/Intermediate Stem Borer Resistant/ Tolerant Variety Trial,M0115OBK,1,TZBR ELD1 C7,NIGERIA,OBIRIKOM,,6.55,4.93,,2001,1911.4,,,,,,,4.0,67,67,,27,56,,,,,3.8,,,,,5.3,33,149,6.8,,,,,3.8,,,,9.8,,0.3,3.3,,,,2.0,,,,,,,2.2,,,,,,,37,,,4.3,,,,,,,,,
279,Late/Intermediate Stem Borer Resistant/ Tolerant Variety Trial,M0115OBK,2,TZBR ELD3-C2,NIGERIA,OBIRIKOM,,6.55,4.93,,2001,1599.0,,,,,,,4.3,73,74,,24,40,,,,,4.0,,,,,5.3,22,118,0.5,,,,,1.5,,,,7.8,,0.8,2.8,,,,2.5,,,,,,,1.9,,,,,,,25,,,5.0,,,,,,,,,
280,Late/Intermediate Stem Borer Resistant/ Tolerant Variety Trial,M0115OBK,3,TZBR ELD3-C3,NIGERIA,OBIRIKOM,,6.55,4.93,,2001,1828.3,,,,,,,3.8,70,71,,24,52,,,,,5.0,,,,,4.3,34,135,1.3,,,,,3.8,,,,6.3,,1.3,2.8,,,,3.3,,,,,,,2.3,,,,,,,39,,,4.0,,,,,,,,,
281,Late/Intermediate Stem Borer Resistant/ Tolerant Variety Trial,M0115OBK,4,TZBR SYN-W C2,NIGERIA,OBIRIKOM,,6.55,4.93,,2001,1680.4,,,,,,,3.8,68,69,,31,69,,,,,4.5,,,,,4.0,38,160,3.5,,,,,5.3,,,,8.3,,1.3,3.0,,,,0.8,,,,,,,2.0,,,,,,,39,,,2.8,,,,,,,,,
282,Late/Intermediate Stem Borer Resistant/ Tolerant Variety Trial,M0115OBK,5,TZBR SYN-Y C2,NIGERIA,OBIRIKOM,,6.55,4.93,,2001,1630.1,,,,,,,3.0,68,69,,24,63,,,,,4.5,,,,,4.5,35,146,4.8,,,,,8.0,,,,5.8,,0.3,3.0,,,,2.0,,,,,,,1.9,,,,,,,38,,,3.8,,,,,,,,,
283,Late/Intermediate Stem Borer Resistant/ Tolerant Variety Trial,M0115OBK,6,AMA TZBR-W C1,NIGERIA,OBIRIKOM,,6.55,4.93,,2001,2641.4,,,,,,,3.8,65,65,,41,60,,,,,4.0,,,,,3.8,39,148,1.0,,,,,2.8,,,,10.8,,0.5,4.0,,,,0.5,,,,,,,3.3,,,,,,,40,,,2.8,,,,,,,,,
284,Late/Intermediate Stem Borer Resistant/ Tolerant Variety Trial,M0115OBK,7,ICZ5 BC2A (9450),NIGERIA,OBIRIKOM,,6.55,4.93,,2001,645.7,,,,,,,6.0,68,70,,16,53,,,,,3.8,,,,,6.0,28,130,1.5,,,,,9.0,,,,6.3,,1.5,3.3,,,,5.3,,,,,,,0.8,,,,,,,34,,,5.0,,,,,,,,,
285,Late/Intermediate Stem Borer Resistant/ Tolerant Variety Trial,M0115OBK,8,ICZ5 BC2B (KU1414SR/SR),NIGERIA,OBIRIKOM,,6.55,4.93,,2001,2514.3,,,,,,,4.0,64,64,,31,54,,,,,4.8,,,,,5.3,36,124,4.3,,,,,7.8,,,,9.3,,0.8,3.0,,,,5.3,,,,,,,2.9,,,,,,,40,,,4.0,,,,,,,,,
286,Late/Intermediate Stem Borer Resistant/ Tolerant Variety Trial,M0115OBK,9,TZBR Ses1-C3-W,NIGERIA,OBIRIKOM,,6.55,4.93,,2001,695.3,,,,,,,3.0,70,70,,13,60,,,,,4.0,,,,,6.0,32,140,3.0,,,,,6.3,,,,5.3,,0.8,3.3,,,,3.8,,,,,,,0.8,,,,,,,35,,,4.3,,,,,,,,,
287,Late/Intermediate Stem Borer Resistant/ Tolerant Variety Trial,M0115OBK,10,TZBR Ses1-C3-Y,NIGERIA,OBIRIKOM,,6.55,4.93,,2001,810.9,,,,,,,3.0,70,71,,14,62,,,,,4.0,,,,,5.5,29,138,3.5,,,,,9.5,,,,4.3,,0.5,2.8,,,,2.8,,,,,,,1.0,,,,,,,34,,,5.0,,,,,,,,,
288,Late/Intermediate Stem Borer Resistant/ Tolerant Variety Trial,M0115OBK,11,TZBR Ses3-C4-Y,NIGERIA,OBIRIKOM,,6.55,4.93,,2001,1998.6,,,,,,,5.0,66,68,,28,55,,,,,4.5,,,,,5.0,32,133,1.8,,,,,7.3,,,,10.8,,1.5,4.3,,,,2.3,,,,,,,2.2,,,,,,,38,,,3.0,,,,,,,,,
289,Late/Intermediate Stem Borer Resistant/ Tolerant Variety Trial,M0115OBK,12,TZBR Ses3-C4-W,NIGERIA,OBIRIKOM,,6.55,4.93,,2001,631.6,,,,,,,3.8,68,69,,16,64,,,,,4.5,,,,,5.0,34,133,6.5,,,,,6.8,,,,5.3,,0.8,4.0,,,,1.5,,,,,,,0.8,,,,,,,37,,,5.0,,,,,,,,,
290,Late/Intermediate Stem Borer Resistant/ Tolerant Variety Trial,M0115OBK,13,CHECK 1,NIGERIA,OBIRIKOM,,6.55,4.93,,2001,2730.2,,,,,,,4.0,67,67,,29,63,,,,,3.5,,,,,4.0,37,142,0.8,,,,,4.5,,,,14.8,,0.3,3.0,,,,2.3,,,,,,,3.2,,,,,,,39,,,2.8,,,,,,,,,
291,Late/Intermediate Stem Borer Resistant/ Tolerant Variety Trial,M0115OBK,14,CHECK 2,NIGERIA,OBIRIKOM,,6.55,4.93,,2001,1015.1,,,,,,,3.0,72,73,,18,62,,,,,4.3,,,,,5.3,35,140,3.5,,,,,4.5,,,,6.3,,1.0,2.8,,,,4.0,,,,,,,1.2,,,,,,,38,,,3.8,,,,,,,,,
292,Late/Intermediate Stem Borer Resistant/ Tolerant Variety Trial,M0216IK,1,TZBR Eld.-1 C7,NIGERIA,IKENNE,,3.70,6.87,Forest/Transitional,2002,3378,,,,,,,,55,55,3.1,30,103,1.5,,,,1.5,,,,,3.1,33,211,1.0,,,,,2.3,,,,,18.9,0.5,,,,,,,,,,,,3.7,,,,,,,,35,,,,,,,,,,,
293,Late/Intermediate Stem Borer Resistant/ Tolerant Variety Trial,M0216IK,2,TZBR Eld.-3 C3,NIGERIA,IKENNE,,3.70,6.87,Forest/Transitional,2002,4132,,,,,,,,56,57,2.9,32,109,1.5,,,,1.4,,,,,2.0,32,213,1.0,,,,,1.3,,,,,17.6,0.8,,,,,,,,,,,,4.4,,,,,,,,33,,,,,,,,,,,
294,Late/Intermediate Stem Borer Resistant/ Tolerant Variety Trial,M0216IK,3,TZBR Syn-W C2,NIGERIA,IKENNE,,3.70,6.87,Forest/Transitional,2002,3817,,,,,,,,55,57,3.3,30,97,1.5,,,,1.3,,,,,2.5,34,199,1.3,,,,,2.0,,,,,20.2,1.5,,,,,,,,,,,,4.2,,,,,,,,35,,,,,,,,,,,
295,Late/Intermediate Stem Borer Resistant/ Tolerant Variety Trial,M0216IK,4,Ama TZBR-W C1,NIGERIA,IKENNE,,3.70,6.87,Forest/Transitional,2002,3312,,,,,,,,56,57,2.9,25,93,1.5,,,,1.4,,,,,2.5,24,192,1.0,,,,,1.8,,,,,20.5,0.8,,,,,,,,,,,,3.7,,,,,,,,26,,,,,,,,,,,
296,Late/Intermediate Stem Borer Resistant/ Tolerant Variety Trial,M0216IK,5,ICZ5 BC2A (9450)-SR,NIGERIA,IKENNE,,3.70,6.87,Forest/Transitional,2002,2721,,,,,,,,54,55,3.5,30,100,2.0,,,,1.3,,,,,4.8,32,198,1.0,,,,,2.1,,,,,18.3,1.5,,,,,,,,,,,,2.9,,,,,,,,33,,,,,,,,,,,
297,Late/Intermediate Stem Borer Resistant/ Tolerant Variety Trial,M0216IK,6,ICZ5 BC2B (KU1414)-SR,NIGERIA,IKENNE,,3.70,6.87,Forest/Transitional,2002,2978,,,,,,,,55,56,3.3,30,93,1.5,,,,1.4,,,,,3.0,33,195,1.0,,,,,2.0,,,,,19.3,1.0,,,,,,,,,,,,3.2,,,,,,,,33,,,,,,,,,,,
298,Late/Intermediate Stem Borer Resistant/ Tolerant Variety Trial,M0216IK,7,TZBR Ses.-1 C3-Y,NIGERIA,IKENNE,,3.70,6.87,Forest/Transitional,2002,3291,,,,,,,,55,56,3.1,33,106,1.5,,,,1.5,,,,,2.9,34,200,1.0,,,,,2.0,,,,,19.4,1.0,,,,,,,,,,,,3.6,,,,,,,,35,,,,,,,,,,,
299,Late/Intermediate Stem Borer Resistant/ Tolerant Variety Trial,M0216IK,8,TZBR Ses.-3 C4-Y,NIGERIA,IKENNE,,3.70,6.87,Forest/Transitional,2002,2775,,,,,,,,54,56,3.6,29,100,1.5,,,,1.3,,,,,4.5,32,198,1.0,,,,,2.0,,,,,18.2,1.3,,,,,,,,,,,,3.0,,,,,,,,33,,,,,,,,,,,
300,Late/Intermediate Stem Borer Resistant/ Tolerant Variety Trial,M0216IK,9,TZBR Ses.-3 C4-W,NIGERIA,IKENNE,,3.70,6.87,Forest/Transitional,2002,2889,,,,,,,,55,56,3.5,28,102,1.6,,,,1.1,,,,,4.4,31,185,1.0,,,,,2.0,,,,,18.4,1.3,,,,,,,,,,,,3.1,,,,,,,,33,,,,,,,,,,,
301,Late/Intermediate Stem Borer Resistant/ Tolerant Variety Trial,M0216IK,10,Check 1,NIGERIA,IKENNE,,3.70,6.87,Forest/Transitional,2002,3786,,,,,,,,56,56,2.3,30,91,1.4,,,,1.1,,,,,3.1,33,190,1.0,,,,,1.5,,,,,18.5,0.8,,,,,,,,,,,,4.1,,,,,,,,34,,,,,,,,,,,
302,Late/Intermediate Stem Borer Resistant/ Tolerant Variety Trial,M0216IK,11,Check 2,NIGERIA,IKENNE,,3.70,6.87,Forest/Transitional,2002,3737,,,,,,,,55,56,3.0,30,102,1.5,,,,1.0,,,,,2.3,34,202,1.0,,,,,2.5,,,,,18.2,0.8,,,,,,,,,,,,4.0,,,,,,,,34,,,,,,,,,,,
303,Late/Intermediate Stem Borer Resistant/ Tolerant Variety Trial,M0216IT,1,TZBR Eld.-1 C7,NIGERIA,IAR&T,,3.70,6.87,Forest/Transitional,2002,1334,,,,,,,,,,,,64,1.0,,,,3.0,,,,,,,155,1.9,,,,,,,,,,,,,,633.8,,,,,2.3,19,,1.4,,,,,,19,,,60,,,2.5,,,,,68,,,
304,Late/Intermediate Stem Borer Resistant/ Tolerant Variety Trial,M0216IT,2,TZBR Eld.-3 C3,NIGERIA,IAR&T,,3.70,6.87,Forest/Transitional,2002,1697,,,,,,,,,,,,75,1.7,,,,2.0,,,,,,,161,2.6,,,,,,,,,,,,,,767.4,,,,,1.8,17,,1.8,,,,,,17,,,55,,,2.5,,,,,67,,,
305,Late/Intermediate Stem Borer Resistant/ Tolerant Variety Trial,M0216IT,3,TZBR Syn-W C2,NIGERIA,IAR&T,,3.70,6.87,Forest/Transitional,2002,1624,,,,,,,,,,,,75,0.8,,,,2.3,,,,,,,168,1.4,,,,,,,,,,,,,,660.8,,,,,1.5,17,,1.7,,,,,,17,,,54,,,1.4,,,,,65,,,
306,Late/Intermediate Stem Borer Resistant/ Tolerant Variety Trial,M0216IT,4,Ama TZBR-W C1,NIGERIA,IAR&T,,3.70,6.87,Forest/Transitional,2002,1406,,,,,,,,,,,,74,1.2,,,,1.3,,,,,,,159,1.9,,,,,,,,,,,,,,574.5,,,,,1.0,11,,1.5,,,,,,11,,,32,,,2.8,,,,,66,,,
307,Late/Intermediate Stem Borer Resistant/ Tolerant Variety Trial,M0216IT,5,ICZ5 BC2A (9450)-SR,NIGERIA,IAR&T,,3.70,6.87,Forest/Transitional,2002,509,,,,,,,,,,,,52,2.0,,,,3.5,,,,,,,133,1.4,,,,,,,,,,,,,,551.9,,,,,2.3,10,,0.5,,,,,,10,,,54,,,1.8,,,,,66,,,
308,Late/Intermediate Stem Borer Resistant/ Tolerant Variety Trial,M0216IT,6,ICZ5 BC2B (KU1414)-SR,NIGERIA,IAR&T,,3.70,6.87,Forest/Transitional,2002,1043,,,,,,,,,,,,67,2.4,,,,3.3,,,,,,,153,2.7,,,,,,,,,,,,,,637.6,,,,,2.8,15,,1.1,,,,,,15,,,53,,,2.1,,,,,66,,,
309,Late/Intermediate Stem Borer Resistant/ Tolerant Variety Trial,M0216IT,7,TZBR Ses.-1 C3-Y,NIGERIA,IAR&T,,3.70,6.87,Forest/Transitional,2002,1649,,,,,,,,,,,,69,2.3,,,,2.3,,,,,,,151,3.1,,,,,,,,,,,,,,652.4,,,,,2.0,19,,1.7,,,,,,20,,,59,,,2.7,,,,,67,,,
310,Late/Intermediate Stem Borer Resistant/ Tolerant Variety Trial,M0216IT,8,TZBR Ses.-3 C4-Y,NIGERIA,IAR&T,,3.70,6.87,Forest/Transitional,2002,727,,,,,,,,,,,,70,1.8,,,,3.5,,,,,,,152,0.5,,,,,,,,,,,,,,652.9,,,,,3.3,13,,0.8,,,,,,13,,,59,,,1.0,,,,,64,,,
311,Late/Intermediate Stem Borer Resistant/ Tolerant Variety Trial,M0216IT,9,TZBR Ses.-3 C4-W,NIGERIA,IAR&T,,3.70,6.87,Forest/Transitional,2002,1043,,,,,,,,,,,,68,3.0,,,,2.5,,,,,,,152,0.9,,,,,,,,,,,,,,647.9,,,,,3.0,17,,1.1,,,,,,18,,,56,,,2.7,,,,,65,,,
312,Late/Intermediate Stem Borer Resistant/ Tolerant Variety Trial,M0216IT,10,Check 1,NIGERIA,IAR&T,,3.70,6.87,Forest/Transitional,2002,994,,,,,,,,,,,,77,2.3,,,,2.0,,,,,,,175,4.1,,,,,,,,,,,,,,684.5,,,,,1.8,14,,1.0,,,,,,14,,,45,,,3.5,,,,,65,,,
313,Late/Intermediate Stem Borer Resistant/ Tolerant Variety Trial,M0216IT,11,Check 2,NIGERIA,IAR&T,,3.70,6.87,Forest/Transitional,2002,1358,,,,,,,,,,,,71,1.7,,,,2.5,,,,,,,158,0.9,,,,,,,,,,,,,,646.5,,,,,1.5,15,,1.4,,,,,,15,,,55,,,1.0,,,,,65,,,
314,Late/Intermediate Stem Borer Resistant/ Tolerant Variety Trial,M1417IB,1,TZBR Eld.-3 C6,NIGERIA,IBADAN,,3.93,7.38,Forest/Transitional,2013,2198,,,,,,,,,,,,,,,,,,,,,,,,,,,,,,,,,,,,,,,,,,,,3,16,129,,,3,,,,,223,20,,2,,10,,,,,56,,3,
315,Late/Intermediate Stem Borer Resistant/ Tolerant Variety Trial,M1417IB,2,TZBR Eld.-4-W C2,NIGERIA,IBADAN,,3.93,7.38,Forest/Transitional,2013,1959,,,,,,,,,,,,,,,,,,,,,,,,,,,,,,,,,,,,,,,,,,,,3,17,148,,,4,,,,,240,21,,1,,12,,,,,57,,3,
316,Late/Intermediate Stem Borer Resistant/ Tolerant Variety Trial,M1417IB,3,TZBR Eld.-4-Y C2,NIGERIA,IBADAN,,3.93,7.38,Forest/Transitional,2013,2576,,,,,,,,,,,,,,,,,,,,,,,,,,,,,,,,,,,,,,,,,,,,3,19,142,,,4,,,,,232,21,,2,,11,,,,,56,,3,
317,Late/Intermediate Stem Borer Resistant/ Tolerant Variety Trial,M1417IB,4,BR 9928-DMRSR C1,NIGERIA,IBADAN,,3.93,7.38,Forest/Transitional,2013,2048,,,,,,,,,,,,,,,,,,,,,,,,,,,,,,,,,,,,,,,,,,,,3,17,132,,,4,,,,,225,21,,1,,9,,,,,58,,2,
318,Late/Intermediate Stem Borer Resistant/ Tolerant Variety Trial,M1417IB,5,BR 9943-DMRSR C1,NIGERIA,IBADAN,,3.93,7.38,Forest/Transitional,2013,2316,,,,,,,,,,,,,,,,,,,,,,,,,,,,,,,,,,,,,,,,,,,,3,16,136,,,4,,,,,231,21,,2,,5,,,,,57,,3,
319,Late/Intermediate Stem Borer Resistant/ Tolerant Variety Trial,M1417IB,6,BR TZL Comp 4 DMRSR,NIGERIA,IBADAN,,3.93,7.38,Forest/Transitional,2013,2142,,,,,,,,,,,,,,,,,,,,,,,,,,,,,,,,,,,,,,,,,,,,4,15,133,,,3,,,,,230,21,,3,,9,,,,,57,,3,
320,Late/Intermediate Stem Borer Resistant/ Tolerant Variety Trial,M1417IB,7,Ama TZBR-W C4,NIGERIA,IBADAN,,3.93,7.38,Forest/Transitional,2013,2274,,,,,,,,,,,,,,,,,,,,,,,,,,,,,,,,,,,,,,,,,,,,4,18,129,,,4,,,,,226,21,,2,,11,,,,,57,,3,
321,Late/Intermediate Stem Borer Resistant/ Tolerant Variety Trial,M1417IB,8,Ama TZBR-Y,NIGERIA,IBADAN,,3.93,7.38,Forest/Transitional,2013,2159,,,,,,,,,,,,,,,,,,,,,,,,,,,,,,,,,,,,,,,,,,,,4,15,127,,,4,,,,,218,21,,3,,7,,,,,57,,4,
322,Late/Intermediate Stem Borer Resistant/ Tolerant Variety Trial,M1417IB,9,TZBR Comp 1-W C1,NIGERIA,IBADAN,,3.93,7.38,Forest/Transitional,2013,2532,,,,,,,,,,,,,,,,,,,,,,,,,,,,,,,,,,,,,,,,,,,,3,20,125,,,3,,,,,218,21,,2,,7,,,,,57,,3,
323,Late/Intermediate Stem Borer Resistant/ Tolerant Variety Trial,M1417IB,10,TZBR Comp 2-W C1,NIGERIA,IBADAN,,3.93,7.38,Forest/Transitional,2013,1757,,,,,,,,,,,,,,,,,,,,,,,,,,,,,,,,,,,,,,,,,,,,4,16,135,,,4,,,,,223,21,,2,,11,,,,,58,,3,
324,Late/Intermediate Stem Borer Resistant/ Tolerant Variety Trial,M1417IB,11,TZBR Comp 1-Y C2,NIGERIA,IBADAN,,3.93,7.38,Forest/Transitional,2013,2047,,,,,,,,,,,,,,,,,,,,,,,,,,,,,,,,,,,,,,,,,,,,3,18,120,,,3,,,,,204,17,,1,,3,,,,,56,,2,
325,Late/Intermediate Stem Borer Resistant/ Tolerant Variety Trial,M1417IB,12,TZBR Comp 2-Y C2,NIGERIA,IBADAN,,3.93,7.38,Forest/Transitional,2013,2267,,,,,,,,,,,,,,,,,,,,,,,,,,,,,,,,,,,,,,,,,,,,4,15,135,,,3,,,,,227,20,,1,,8,,,,,56,,3,
326,Late/Intermediate Stem Borer Resistant/ Tolerant Variety Trial,M1417IB,13,Check 1,NIGERIA,IBADAN,,3.93,7.38,Forest/Transitional,2013,2581,,,,,,,,,,,,,,,,,,,,,,,,,,,,,,,,,,,,,,,,,,,,4,21,116,,,3,,,,,220,21,,2,,9,,,,,55,,3,
327,Late/Intermediate Stem Borer Resistant/ Tolerant Variety Trial,M1417IB,14,Check 2,NIGERIA,IBADAN,,3.93,7.38,Forest/Transitional,2013,1968,,,,,,,,,,,,,,,,,,,,,,,,,,,,,,,,,,,,,,,,,,,,4,18,121,,,3,,,,,212,21,,2,,11,,,,,53,,4,
